Copyright 1986-2022 Xilinx, Inc. All Rights Reserved. Copyright 2022-2025 Advanced Micro Devices, Inc. All Rights Reserved.
---------------------------------------------------------------------------------------------------------------------------------------------------------------------------------------------------------------------
| Tool Version : Vivado v.2025.2 (win64) Build 6299465 Fri Nov 14 19:35:11 GMT 2025
| Date         : Fri May  8 08:51:45 2026
| Host         : DESKTOP-LHDH7MU running 64-bit major release  (build 9200)
| Command      : report_timing_summary -max_paths 10 -routable_nets -report_unconstrained -file top_timing_summary_routed.rpt -pb top_timing_summary_routed.pb -rpx top_timing_summary_routed.rpx -warn_on_violation
| Design       : top
| Device       : 7z010-clg400
| Speed File   : -1  PRODUCTION 1.12 2019-11-22
| Design State : Routed
---------------------------------------------------------------------------------------------------------------------------------------------------------------------------------------------------------------------

Timing Summary Report

------------------------------------------------------------------------------------------------
| Timer Settings
| --------------
------------------------------------------------------------------------------------------------

  Enable Multi Corner Analysis               :  Yes
  Enable Pessimism Removal                   :  Yes
  Pessimism Removal Resolution               :  Nearest Common Node
  Enable Input Delay Default Clock           :  No
  Enable Preset / Clear Arcs                 :  No
  Disable Flight Delays                      :  No
  Ignore I/O Paths                           :  No
  Timing Early Launch at Borrowing Latches   :  No
  Borrow Time for Max Delay Exceptions       :  Yes
  Merge Timing Exceptions                    :  Yes
  Inter-SLR Compensation                     :  Conservative

  Corner  Analyze    Analyze    
  Name    Max Paths  Min Paths  
  ------  ---------  ---------  
  Slow    Yes        Yes        
  Fast    Yes        Yes        


------------------------------------------------------------------------------------------------
| Report Methodology
| ------------------
------------------------------------------------------------------------------------------------

Rule       Severity  Description                    Violations  
---------  --------  -----------------------------  ----------  
TIMING-18  Warning   Missing input or output delay  3           

Note: This report is based on the most recent report_methodology run and may not be up-to-date. Run report_methodology on the current design for the latest report.



check_timing report

Table of Contents
-----------------
1. checking no_clock (0)
2. checking constant_clock (0)
3. checking pulse_width_clock (0)
4. checking unconstrained_internal_endpoints (0)
5. checking no_input_delay (1)
6. checking no_output_delay (2)
7. checking multiple_clock (0)
8. checking generated_clocks (0)
9. checking loops (0)
10. checking partial_input_delay (0)
11. checking partial_output_delay (0)
12. checking latch_loops (0)

1. checking no_clock (0)
------------------------
 There are 0 register/latch pins with no clock.


2. checking constant_clock (0)
------------------------------
 There are 0 register/latch pins with constant_clock.


3. checking pulse_width_clock (0)
---------------------------------
 There are 0 register/latch pins which need pulse_width check


4. checking unconstrained_internal_endpoints (0)
------------------------------------------------
 There are 0 pins that are not constrained for maximum delay.

 There are 0 pins that are not constrained for maximum delay due to constant clock.


5. checking no_input_delay (1)
------------------------------
 There is 1 input port with no input delay specified. (HIGH)

 There are 0 input ports with no input delay but user has a false path constraint.


6. checking no_output_delay (2)
-------------------------------
 There are 2 ports with no output delay specified. (HIGH)

 There are 0 ports with no output delay but user has a false path constraint

 There are 0 ports with no output delay but with a timing clock defined on it or propagating through it


7. checking multiple_clock (0)
------------------------------
 There are 0 register/latch pins with multiple clocks.


8. checking generated_clocks (0)
--------------------------------
 There are 0 generated clocks that are not connected to a clock source.


9. checking loops (0)
---------------------
 There are 0 combinational loops in the design.


10. checking partial_input_delay (0)
------------------------------------
 There are 0 input ports with partial input delay specified.


11. checking partial_output_delay (0)
-------------------------------------
 There are 0 ports with partial output delay specified.


12. checking latch_loops (0)
----------------------------
 There are 0 combinational latch loops in the design through latch input



------------------------------------------------------------------------------------------------
| Design Timing Summary
| ---------------------
------------------------------------------------------------------------------------------------

    WNS(ns)      TNS(ns)  TNS Failing Endpoints  TNS Total Endpoints      WHS(ns)      THS(ns)  THS Failing Endpoints  THS Total Endpoints     WPWS(ns)     TPWS(ns)  TPWS Failing Endpoints  TPWS Total Endpoints  
    -------      -------  ---------------------  -------------------      -------      -------  ---------------------  -------------------     --------     --------  ----------------------  --------------------  
      3.081        0.000                      0                   61        0.190        0.000                      0                   61        3.500        0.000                       0                    51  


All user specified timing constraints are met.


------------------------------------------------------------------------------------------------
| Clock Summary
| -------------
------------------------------------------------------------------------------------------------

Clock        Waveform(ns)         Period(ns)      Frequency(MHz)
-----        ------------         ----------      --------------
sys_clk_pin  {0.000 4.000}        8.000           125.000         


------------------------------------------------------------------------------------------------
| Intra Clock Table
| -----------------
------------------------------------------------------------------------------------------------

Clock             WNS(ns)      TNS(ns)  TNS Failing Endpoints  TNS Total Endpoints      WHS(ns)      THS(ns)  THS Failing Endpoints  THS Total Endpoints     WPWS(ns)     TPWS(ns)  TPWS Failing Endpoints  TPWS Total Endpoints  
-----             -------      -------  ---------------------  -------------------      -------      -------  ---------------------  -------------------     --------     --------  ----------------------  --------------------  
sys_clk_pin         3.081        0.000                      0                   61        0.190        0.000                      0                   61        3.500        0.000                       0                    51  


------------------------------------------------------------------------------------------------
| Inter Clock Table
| -----------------
------------------------------------------------------------------------------------------------

From Clock    To Clock          WNS(ns)      TNS(ns)  TNS Failing Endpoints  TNS Total Endpoints      WHS(ns)      THS(ns)  THS Failing Endpoints  THS Total Endpoints  
----------    --------          -------      -------  ---------------------  -------------------      -------      -------  ---------------------  -------------------  


------------------------------------------------------------------------------------------------
| Other Path Groups Table
| -----------------------
------------------------------------------------------------------------------------------------

Path Group    From Clock    To Clock          WNS(ns)      TNS(ns)  TNS Failing Endpoints  TNS Total Endpoints      WHS(ns)      THS(ns)  THS Failing Endpoints  THS Total Endpoints  
----------    ----------    --------          -------      -------  ---------------------  -------------------      -------      -------  ---------------------  -------------------  


------------------------------------------------------------------------------------------------
| User Ignored Path Table
| -----------------------
------------------------------------------------------------------------------------------------

Path Group    From Clock    To Clock    
----------    ----------    --------    


------------------------------------------------------------------------------------------------
| Unconstrained Path Table
| ------------------------
------------------------------------------------------------------------------------------------

Path Group    From Clock    To Clock    
----------    ----------    --------    
(none)        sys_clk_pin                 
(none)                      sys_clk_pin   


------------------------------------------------------------------------------------------------
| Timing Details
| --------------
------------------------------------------------------------------------------------------------


---------------------------------------------------------------------------------------------------
From Clock:  sys_clk_pin
  To Clock:  sys_clk_pin

Setup :            0  Failing Endpoints,  Worst Slack        3.081ns,  Total Violation        0.000ns
Hold  :            0  Failing Endpoints,  Worst Slack        0.190ns,  Total Violation        0.000ns
PW    :            0  Failing Endpoints,  Worst Slack        3.500ns,  Total Violation        0.000ns
---------------------------------------------------------------------------------------------------


Max Delay Paths
--------------------------------------------------------------------------------------
Slack (MET) :             3.081ns  (required time - arrival time)
  Source:                 pwm_uut/q_reg_reg[3]/C
                            (rising edge-triggered cell FDCE clocked by sys_clk_pin  {rise@0.000ns fall@4.000ns period=8.000ns})
  Destination:            pwm_uut/q_reg_reg[29]/D
                            (rising edge-triggered cell FDCE clocked by sys_clk_pin  {rise@0.000ns fall@4.000ns period=8.000ns})
  Path Group:             sys_clk_pin
  Path Type:              Setup (Max at Slow Process Corner)
  Requirement:            8.000ns  (sys_clk_pin rise@8.000ns - sys_clk_pin rise@0.000ns)
  Data Path Delay:        4.965ns  (logic 2.465ns (49.643%)  route 2.500ns (50.357%))
  Logic Levels:           11  (CARRY4=8 LUT6=3)
  Clock Path Skew:        -0.027ns (DCD - SCD + CPR)
    Destination Clock Delay (DCD):    4.953ns = ( 12.953 - 8.000 ) 
    Source Clock Delay      (SCD):    5.409ns
    Clock Pessimism Removal (CPR):    0.429ns
  Clock Uncertainty:      0.035ns  ((TSJ^2 + TIJ^2)^1/2 + DJ) / 2 + PE
    Total System Jitter     (TSJ):    0.071ns
    Total Input Jitter      (TIJ):    0.000ns
    Discrete Jitter          (DJ):    0.000ns
    Phase Error              (PE):    0.000ns

    Location             Delay type                Incr(ns)  Path(ns)    Netlist Resource(s)
  -------------------------------------------------------------------    -------------------
                         (clock sys_clk_pin rise edge)
                                                      0.000     0.000 r  
    K17                                               0.000     0.000 r  clk (IN)
                         net (fo=0)                   0.000     0.000    clk
    K17                  IBUF (Prop_ibuf_I_O)         1.492     1.492 r  clk_IBUF_inst/O
                         net (fo=1, routed)           2.076     3.568    clk_IBUF
    BUFGCTRL_X0Y16       BUFG (Prop_bufg_I_O)         0.101     3.669 r  clk_IBUF_BUFG_inst/O
                         net (fo=50, routed)          1.740     5.409    pwm_uut/clk_IBUF_BUFG
    SLICE_X42Y53         FDCE                                         r  pwm_uut/q_reg_reg[3]/C
  -------------------------------------------------------------------    -------------------
    SLICE_X42Y53         FDCE (Prop_fdce_C_Q)         0.518     5.927 r  pwm_uut/q_reg_reg[3]/Q
                         net (fo=2, routed)           0.967     6.894    pwm_uut/q_reg_reg[3]
    SLICE_X43Y57         LUT6 (Prop_lut6_I0_O)        0.124     7.018 r  pwm_uut/d_reg[7]_i_6/O
                         net (fo=1, routed)           0.433     7.451    pwm_uut/d_reg[7]_i_6_n_0
    SLICE_X43Y57         LUT6 (Prop_lut6_I0_O)        0.124     7.575 f  pwm_uut/d_reg[7]_i_3/O
                         net (fo=5, routed)           0.628     8.203    pwm_uut/d_reg[7]_i_3_n_0
    SLICE_X43Y54         LUT6 (Prop_lut6_I0_O)        0.124     8.327 r  pwm_uut/q_reg[0]_i_2/O
                         net (fo=1, routed)           0.473     8.799    pwm_uut/q_reg[0]_i_2_n_0
    SLICE_X42Y53         CARRY4 (Prop_carry4_DI[0]_CO[3])
                                                      0.550     9.349 r  pwm_uut/q_reg_reg[0]_i_1/CO[3]
                         net (fo=1, routed)           0.000     9.349    pwm_uut/q_reg_reg[0]_i_1_n_0
    SLICE_X42Y54         CARRY4 (Prop_carry4_CI_CO[3])
                                                      0.117     9.466 r  pwm_uut/q_reg_reg[4]_i_1/CO[3]
                         net (fo=1, routed)           0.000     9.466    pwm_uut/q_reg_reg[4]_i_1_n_0
    SLICE_X42Y55         CARRY4 (Prop_carry4_CI_CO[3])
                                                      0.117     9.583 r  pwm_uut/q_reg_reg[8]_i_1/CO[3]
                         net (fo=1, routed)           0.000     9.583    pwm_uut/q_reg_reg[8]_i_1_n_0
    SLICE_X42Y56         CARRY4 (Prop_carry4_CI_CO[3])
                                                      0.117     9.700 r  pwm_uut/q_reg_reg[12]_i_1/CO[3]
                         net (fo=1, routed)           0.000     9.700    pwm_uut/q_reg_reg[12]_i_1_n_0
    SLICE_X42Y57         CARRY4 (Prop_carry4_CI_CO[3])
                                                      0.117     9.817 r  pwm_uut/q_reg_reg[16]_i_1/CO[3]
                         net (fo=1, routed)           0.000     9.817    pwm_uut/q_reg_reg[16]_i_1_n_0
    SLICE_X42Y58         CARRY4 (Prop_carry4_CI_CO[3])
                                                      0.117     9.934 r  pwm_uut/q_reg_reg[20]_i_1/CO[3]
                         net (fo=1, routed)           0.000     9.934    pwm_uut/q_reg_reg[20]_i_1_n_0
    SLICE_X42Y59         CARRY4 (Prop_carry4_CI_CO[3])
                                                      0.117    10.051 r  pwm_uut/q_reg_reg[24]_i_1/CO[3]
                         net (fo=1, routed)           0.000    10.051    pwm_uut/q_reg_reg[24]_i_1_n_0
    SLICE_X42Y60         CARRY4 (Prop_carry4_CI_O[1])
                                                      0.323    10.374 r  pwm_uut/q_reg_reg[28]_i_1/O[1]
                         net (fo=1, routed)           0.000    10.374    pwm_uut/q_reg_reg[28]_i_1_n_6
    SLICE_X42Y60         FDCE                                         r  pwm_uut/q_reg_reg[29]/D
  -------------------------------------------------------------------    -------------------

                         (clock sys_clk_pin rise edge)
                                                      8.000     8.000 r  
    K17                                               0.000     8.000 r  clk (IN)
                         net (fo=0)                   0.000     8.000    clk
    K17                  IBUF (Prop_ibuf_I_O)         1.421     9.421 r  clk_IBUF_inst/O
                         net (fo=1, routed)           1.880    11.301    clk_IBUF
    BUFGCTRL_X0Y16       BUFG (Prop_bufg_I_O)         0.091    11.392 r  clk_IBUF_BUFG_inst/O
                         net (fo=50, routed)          1.561    12.953    pwm_uut/clk_IBUF_BUFG
    SLICE_X42Y60         FDCE                                         r  pwm_uut/q_reg_reg[29]/C
                         clock pessimism              0.429    13.382    
                         clock uncertainty           -0.035    13.346    
    SLICE_X42Y60         FDCE (Setup_fdce_C_D)        0.109    13.455    pwm_uut/q_reg_reg[29]
  -------------------------------------------------------------------
                         required time                         13.455    
                         arrival time                         -10.374    
  -------------------------------------------------------------------
                         slack                                  3.081    

Slack (MET) :             3.089ns  (required time - arrival time)
  Source:                 pwm_uut/q_reg_reg[3]/C
                            (rising edge-triggered cell FDCE clocked by sys_clk_pin  {rise@0.000ns fall@4.000ns period=8.000ns})
  Destination:            pwm_uut/q_reg_reg[31]/D
                            (rising edge-triggered cell FDCE clocked by sys_clk_pin  {rise@0.000ns fall@4.000ns period=8.000ns})
  Path Group:             sys_clk_pin
  Path Type:              Setup (Max at Slow Process Corner)
  Requirement:            8.000ns  (sys_clk_pin rise@8.000ns - sys_clk_pin rise@0.000ns)
  Data Path Delay:        4.957ns  (logic 2.457ns (49.562%)  route 2.500ns (50.438%))
  Logic Levels:           11  (CARRY4=8 LUT6=3)
  Clock Path Skew:        -0.027ns (DCD - SCD + CPR)
    Destination Clock Delay (DCD):    4.953ns = ( 12.953 - 8.000 ) 
    Source Clock Delay      (SCD):    5.409ns
    Clock Pessimism Removal (CPR):    0.429ns
  Clock Uncertainty:      0.035ns  ((TSJ^2 + TIJ^2)^1/2 + DJ) / 2 + PE
    Total System Jitter     (TSJ):    0.071ns
    Total Input Jitter      (TIJ):    0.000ns
    Discrete Jitter          (DJ):    0.000ns
    Phase Error              (PE):    0.000ns

    Location             Delay type                Incr(ns)  Path(ns)    Netlist Resource(s)
  -------------------------------------------------------------------    -------------------
                         (clock sys_clk_pin rise edge)
                                                      0.000     0.000 r  
    K17                                               0.000     0.000 r  clk (IN)
                         net (fo=0)                   0.000     0.000    clk
    K17                  IBUF (Prop_ibuf_I_O)         1.492     1.492 r  clk_IBUF_inst/O
                         net (fo=1, routed)           2.076     3.568    clk_IBUF
    BUFGCTRL_X0Y16       BUFG (Prop_bufg_I_O)         0.101     3.669 r  clk_IBUF_BUFG_inst/O
                         net (fo=50, routed)          1.740     5.409    pwm_uut/clk_IBUF_BUFG
    SLICE_X42Y53         FDCE                                         r  pwm_uut/q_reg_reg[3]/C
  -------------------------------------------------------------------    -------------------
    SLICE_X42Y53         FDCE (Prop_fdce_C_Q)         0.518     5.927 r  pwm_uut/q_reg_reg[3]/Q
                         net (fo=2, routed)           0.967     6.894    pwm_uut/q_reg_reg[3]
    SLICE_X43Y57         LUT6 (Prop_lut6_I0_O)        0.124     7.018 r  pwm_uut/d_reg[7]_i_6/O
                         net (fo=1, routed)           0.433     7.451    pwm_uut/d_reg[7]_i_6_n_0
    SLICE_X43Y57         LUT6 (Prop_lut6_I0_O)        0.124     7.575 f  pwm_uut/d_reg[7]_i_3/O
                         net (fo=5, routed)           0.628     8.203    pwm_uut/d_reg[7]_i_3_n_0
    SLICE_X43Y54         LUT6 (Prop_lut6_I0_O)        0.124     8.327 r  pwm_uut/q_reg[0]_i_2/O
                         net (fo=1, routed)           0.473     8.799    pwm_uut/q_reg[0]_i_2_n_0
    SLICE_X42Y53         CARRY4 (Prop_carry4_DI[0]_CO[3])
                                                      0.550     9.349 r  pwm_uut/q_reg_reg[0]_i_1/CO[3]
                         net (fo=1, routed)           0.000     9.349    pwm_uut/q_reg_reg[0]_i_1_n_0
    SLICE_X42Y54         CARRY4 (Prop_carry4_CI_CO[3])
                                                      0.117     9.466 r  pwm_uut/q_reg_reg[4]_i_1/CO[3]
                         net (fo=1, routed)           0.000     9.466    pwm_uut/q_reg_reg[4]_i_1_n_0
    SLICE_X42Y55         CARRY4 (Prop_carry4_CI_CO[3])
                                                      0.117     9.583 r  pwm_uut/q_reg_reg[8]_i_1/CO[3]
                         net (fo=1, routed)           0.000     9.583    pwm_uut/q_reg_reg[8]_i_1_n_0
    SLICE_X42Y56         CARRY4 (Prop_carry4_CI_CO[3])
                                                      0.117     9.700 r  pwm_uut/q_reg_reg[12]_i_1/CO[3]
                         net (fo=1, routed)           0.000     9.700    pwm_uut/q_reg_reg[12]_i_1_n_0
    SLICE_X42Y57         CARRY4 (Prop_carry4_CI_CO[3])
                                                      0.117     9.817 r  pwm_uut/q_reg_reg[16]_i_1/CO[3]
                         net (fo=1, routed)           0.000     9.817    pwm_uut/q_reg_reg[16]_i_1_n_0
    SLICE_X42Y58         CARRY4 (Prop_carry4_CI_CO[3])
                                                      0.117     9.934 r  pwm_uut/q_reg_reg[20]_i_1/CO[3]
                         net (fo=1, routed)           0.000     9.934    pwm_uut/q_reg_reg[20]_i_1_n_0
    SLICE_X42Y59         CARRY4 (Prop_carry4_CI_CO[3])
                                                      0.117    10.051 r  pwm_uut/q_reg_reg[24]_i_1/CO[3]
                         net (fo=1, routed)           0.000    10.051    pwm_uut/q_reg_reg[24]_i_1_n_0
    SLICE_X42Y60         CARRY4 (Prop_carry4_CI_O[3])
                                                      0.315    10.366 r  pwm_uut/q_reg_reg[28]_i_1/O[3]
                         net (fo=1, routed)           0.000    10.366    pwm_uut/q_reg_reg[28]_i_1_n_4
    SLICE_X42Y60         FDCE                                         r  pwm_uut/q_reg_reg[31]/D
  -------------------------------------------------------------------    -------------------

                         (clock sys_clk_pin rise edge)
                                                      8.000     8.000 r  
    K17                                               0.000     8.000 r  clk (IN)
                         net (fo=0)                   0.000     8.000    clk
    K17                  IBUF (Prop_ibuf_I_O)         1.421     9.421 r  clk_IBUF_inst/O
                         net (fo=1, routed)           1.880    11.301    clk_IBUF
    BUFGCTRL_X0Y16       BUFG (Prop_bufg_I_O)         0.091    11.392 r  clk_IBUF_BUFG_inst/O
                         net (fo=50, routed)          1.561    12.953    pwm_uut/clk_IBUF_BUFG
    SLICE_X42Y60         FDCE                                         r  pwm_uut/q_reg_reg[31]/C
                         clock pessimism              0.429    13.382    
                         clock uncertainty           -0.035    13.346    
    SLICE_X42Y60         FDCE (Setup_fdce_C_D)        0.109    13.455    pwm_uut/q_reg_reg[31]
  -------------------------------------------------------------------
                         required time                         13.455    
                         arrival time                         -10.366    
  -------------------------------------------------------------------
                         slack                                  3.089    

Slack (MET) :             3.165ns  (required time - arrival time)
  Source:                 pwm_uut/q_reg_reg[3]/C
                            (rising edge-triggered cell FDCE clocked by sys_clk_pin  {rise@0.000ns fall@4.000ns period=8.000ns})
  Destination:            pwm_uut/q_reg_reg[30]/D
                            (rising edge-triggered cell FDCE clocked by sys_clk_pin  {rise@0.000ns fall@4.000ns period=8.000ns})
  Path Group:             sys_clk_pin
  Path Type:              Setup (Max at Slow Process Corner)
  Requirement:            8.000ns  (sys_clk_pin rise@8.000ns - sys_clk_pin rise@0.000ns)
  Data Path Delay:        4.881ns  (logic 2.381ns (48.777%)  route 2.500ns (51.223%))
  Logic Levels:           11  (CARRY4=8 LUT6=3)
  Clock Path Skew:        -0.027ns (DCD - SCD + CPR)
    Destination Clock Delay (DCD):    4.953ns = ( 12.953 - 8.000 ) 
    Source Clock Delay      (SCD):    5.409ns
    Clock Pessimism Removal (CPR):    0.429ns
  Clock Uncertainty:      0.035ns  ((TSJ^2 + TIJ^2)^1/2 + DJ) / 2 + PE
    Total System Jitter     (TSJ):    0.071ns
    Total Input Jitter      (TIJ):    0.000ns
    Discrete Jitter          (DJ):    0.000ns
    Phase Error              (PE):    0.000ns

    Location             Delay type                Incr(ns)  Path(ns)    Netlist Resource(s)
  -------------------------------------------------------------------    -------------------
                         (clock sys_clk_pin rise edge)
                                                      0.000     0.000 r  
    K17                                               0.000     0.000 r  clk (IN)
                         net (fo=0)                   0.000     0.000    clk
    K17                  IBUF (Prop_ibuf_I_O)         1.492     1.492 r  clk_IBUF_inst/O
                         net (fo=1, routed)           2.076     3.568    clk_IBUF
    BUFGCTRL_X0Y16       BUFG (Prop_bufg_I_O)         0.101     3.669 r  clk_IBUF_BUFG_inst/O
                         net (fo=50, routed)          1.740     5.409    pwm_uut/clk_IBUF_BUFG
    SLICE_X42Y53         FDCE                                         r  pwm_uut/q_reg_reg[3]/C
  -------------------------------------------------------------------    -------------------
    SLICE_X42Y53         FDCE (Prop_fdce_C_Q)         0.518     5.927 r  pwm_uut/q_reg_reg[3]/Q
                         net (fo=2, routed)           0.967     6.894    pwm_uut/q_reg_reg[3]
    SLICE_X43Y57         LUT6 (Prop_lut6_I0_O)        0.124     7.018 r  pwm_uut/d_reg[7]_i_6/O
                         net (fo=1, routed)           0.433     7.451    pwm_uut/d_reg[7]_i_6_n_0
    SLICE_X43Y57         LUT6 (Prop_lut6_I0_O)        0.124     7.575 f  pwm_uut/d_reg[7]_i_3/O
                         net (fo=5, routed)           0.628     8.203    pwm_uut/d_reg[7]_i_3_n_0
    SLICE_X43Y54         LUT6 (Prop_lut6_I0_O)        0.124     8.327 r  pwm_uut/q_reg[0]_i_2/O
                         net (fo=1, routed)           0.473     8.799    pwm_uut/q_reg[0]_i_2_n_0
    SLICE_X42Y53         CARRY4 (Prop_carry4_DI[0]_CO[3])
                                                      0.550     9.349 r  pwm_uut/q_reg_reg[0]_i_1/CO[3]
                         net (fo=1, routed)           0.000     9.349    pwm_uut/q_reg_reg[0]_i_1_n_0
    SLICE_X42Y54         CARRY4 (Prop_carry4_CI_CO[3])
                                                      0.117     9.466 r  pwm_uut/q_reg_reg[4]_i_1/CO[3]
                         net (fo=1, routed)           0.000     9.466    pwm_uut/q_reg_reg[4]_i_1_n_0
    SLICE_X42Y55         CARRY4 (Prop_carry4_CI_CO[3])
                                                      0.117     9.583 r  pwm_uut/q_reg_reg[8]_i_1/CO[3]
                         net (fo=1, routed)           0.000     9.583    pwm_uut/q_reg_reg[8]_i_1_n_0
    SLICE_X42Y56         CARRY4 (Prop_carry4_CI_CO[3])
                                                      0.117     9.700 r  pwm_uut/q_reg_reg[12]_i_1/CO[3]
                         net (fo=1, routed)           0.000     9.700    pwm_uut/q_reg_reg[12]_i_1_n_0
    SLICE_X42Y57         CARRY4 (Prop_carry4_CI_CO[3])
                                                      0.117     9.817 r  pwm_uut/q_reg_reg[16]_i_1/CO[3]
                         net (fo=1, routed)           0.000     9.817    pwm_uut/q_reg_reg[16]_i_1_n_0
    SLICE_X42Y58         CARRY4 (Prop_carry4_CI_CO[3])
                                                      0.117     9.934 r  pwm_uut/q_reg_reg[20]_i_1/CO[3]
                         net (fo=1, routed)           0.000     9.934    pwm_uut/q_reg_reg[20]_i_1_n_0
    SLICE_X42Y59         CARRY4 (Prop_carry4_CI_CO[3])
                                                      0.117    10.051 r  pwm_uut/q_reg_reg[24]_i_1/CO[3]
                         net (fo=1, routed)           0.000    10.051    pwm_uut/q_reg_reg[24]_i_1_n_0
    SLICE_X42Y60         CARRY4 (Prop_carry4_CI_O[2])
                                                      0.239    10.290 r  pwm_uut/q_reg_reg[28]_i_1/O[2]
                         net (fo=1, routed)           0.000    10.290    pwm_uut/q_reg_reg[28]_i_1_n_5
    SLICE_X42Y60         FDCE                                         r  pwm_uut/q_reg_reg[30]/D
  -------------------------------------------------------------------    -------------------

                         (clock sys_clk_pin rise edge)
                                                      8.000     8.000 r  
    K17                                               0.000     8.000 r  clk (IN)
                         net (fo=0)                   0.000     8.000    clk
    K17                  IBUF (Prop_ibuf_I_O)         1.421     9.421 r  clk_IBUF_inst/O
                         net (fo=1, routed)           1.880    11.301    clk_IBUF
    BUFGCTRL_X0Y16       BUFG (Prop_bufg_I_O)         0.091    11.392 r  clk_IBUF_BUFG_inst/O
                         net (fo=50, routed)          1.561    12.953    pwm_uut/clk_IBUF_BUFG
    SLICE_X42Y60         FDCE                                         r  pwm_uut/q_reg_reg[30]/C
                         clock pessimism              0.429    13.382    
                         clock uncertainty           -0.035    13.346    
    SLICE_X42Y60         FDCE (Setup_fdce_C_D)        0.109    13.455    pwm_uut/q_reg_reg[30]
  -------------------------------------------------------------------
                         required time                         13.455    
                         arrival time                         -10.290    
  -------------------------------------------------------------------
                         slack                                  3.165    

Slack (MET) :             3.185ns  (required time - arrival time)
  Source:                 pwm_uut/q_reg_reg[3]/C
                            (rising edge-triggered cell FDCE clocked by sys_clk_pin  {rise@0.000ns fall@4.000ns period=8.000ns})
  Destination:            pwm_uut/q_reg_reg[28]/D
                            (rising edge-triggered cell FDCE clocked by sys_clk_pin  {rise@0.000ns fall@4.000ns period=8.000ns})
  Path Group:             sys_clk_pin
  Path Type:              Setup (Max at Slow Process Corner)
  Requirement:            8.000ns  (sys_clk_pin rise@8.000ns - sys_clk_pin rise@0.000ns)
  Data Path Delay:        4.861ns  (logic 2.361ns (48.566%)  route 2.500ns (51.434%))
  Logic Levels:           11  (CARRY4=8 LUT6=3)
  Clock Path Skew:        -0.027ns (DCD - SCD + CPR)
    Destination Clock Delay (DCD):    4.953ns = ( 12.953 - 8.000 ) 
    Source Clock Delay      (SCD):    5.409ns
    Clock Pessimism Removal (CPR):    0.429ns
  Clock Uncertainty:      0.035ns  ((TSJ^2 + TIJ^2)^1/2 + DJ) / 2 + PE
    Total System Jitter     (TSJ):    0.071ns
    Total Input Jitter      (TIJ):    0.000ns
    Discrete Jitter          (DJ):    0.000ns
    Phase Error              (PE):    0.000ns

    Location             Delay type                Incr(ns)  Path(ns)    Netlist Resource(s)
  -------------------------------------------------------------------    -------------------
                         (clock sys_clk_pin rise edge)
                                                      0.000     0.000 r  
    K17                                               0.000     0.000 r  clk (IN)
                         net (fo=0)                   0.000     0.000    clk
    K17                  IBUF (Prop_ibuf_I_O)         1.492     1.492 r  clk_IBUF_inst/O
                         net (fo=1, routed)           2.076     3.568    clk_IBUF
    BUFGCTRL_X0Y16       BUFG (Prop_bufg_I_O)         0.101     3.669 r  clk_IBUF_BUFG_inst/O
                         net (fo=50, routed)          1.740     5.409    pwm_uut/clk_IBUF_BUFG
    SLICE_X42Y53         FDCE                                         r  pwm_uut/q_reg_reg[3]/C
  -------------------------------------------------------------------    -------------------
    SLICE_X42Y53         FDCE (Prop_fdce_C_Q)         0.518     5.927 r  pwm_uut/q_reg_reg[3]/Q
                         net (fo=2, routed)           0.967     6.894    pwm_uut/q_reg_reg[3]
    SLICE_X43Y57         LUT6 (Prop_lut6_I0_O)        0.124     7.018 r  pwm_uut/d_reg[7]_i_6/O
                         net (fo=1, routed)           0.433     7.451    pwm_uut/d_reg[7]_i_6_n_0
    SLICE_X43Y57         LUT6 (Prop_lut6_I0_O)        0.124     7.575 f  pwm_uut/d_reg[7]_i_3/O
                         net (fo=5, routed)           0.628     8.203    pwm_uut/d_reg[7]_i_3_n_0
    SLICE_X43Y54         LUT6 (Prop_lut6_I0_O)        0.124     8.327 r  pwm_uut/q_reg[0]_i_2/O
                         net (fo=1, routed)           0.473     8.799    pwm_uut/q_reg[0]_i_2_n_0
    SLICE_X42Y53         CARRY4 (Prop_carry4_DI[0]_CO[3])
                                                      0.550     9.349 r  pwm_uut/q_reg_reg[0]_i_1/CO[3]
                         net (fo=1, routed)           0.000     9.349    pwm_uut/q_reg_reg[0]_i_1_n_0
    SLICE_X42Y54         CARRY4 (Prop_carry4_CI_CO[3])
                                                      0.117     9.466 r  pwm_uut/q_reg_reg[4]_i_1/CO[3]
                         net (fo=1, routed)           0.000     9.466    pwm_uut/q_reg_reg[4]_i_1_n_0
    SLICE_X42Y55         CARRY4 (Prop_carry4_CI_CO[3])
                                                      0.117     9.583 r  pwm_uut/q_reg_reg[8]_i_1/CO[3]
                         net (fo=1, routed)           0.000     9.583    pwm_uut/q_reg_reg[8]_i_1_n_0
    SLICE_X42Y56         CARRY4 (Prop_carry4_CI_CO[3])
                                                      0.117     9.700 r  pwm_uut/q_reg_reg[12]_i_1/CO[3]
                         net (fo=1, routed)           0.000     9.700    pwm_uut/q_reg_reg[12]_i_1_n_0
    SLICE_X42Y57         CARRY4 (Prop_carry4_CI_CO[3])
                                                      0.117     9.817 r  pwm_uut/q_reg_reg[16]_i_1/CO[3]
                         net (fo=1, routed)           0.000     9.817    pwm_uut/q_reg_reg[16]_i_1_n_0
    SLICE_X42Y58         CARRY4 (Prop_carry4_CI_CO[3])
                                                      0.117     9.934 r  pwm_uut/q_reg_reg[20]_i_1/CO[3]
                         net (fo=1, routed)           0.000     9.934    pwm_uut/q_reg_reg[20]_i_1_n_0
    SLICE_X42Y59         CARRY4 (Prop_carry4_CI_CO[3])
                                                      0.117    10.051 r  pwm_uut/q_reg_reg[24]_i_1/CO[3]
                         net (fo=1, routed)           0.000    10.051    pwm_uut/q_reg_reg[24]_i_1_n_0
    SLICE_X42Y60         CARRY4 (Prop_carry4_CI_O[0])
                                                      0.219    10.270 r  pwm_uut/q_reg_reg[28]_i_1/O[0]
                         net (fo=1, routed)           0.000    10.270    pwm_uut/q_reg_reg[28]_i_1_n_7
    SLICE_X42Y60         FDCE                                         r  pwm_uut/q_reg_reg[28]/D
  -------------------------------------------------------------------    -------------------

                         (clock sys_clk_pin rise edge)
                                                      8.000     8.000 r  
    K17                                               0.000     8.000 r  clk (IN)
                         net (fo=0)                   0.000     8.000    clk
    K17                  IBUF (Prop_ibuf_I_O)         1.421     9.421 r  clk_IBUF_inst/O
                         net (fo=1, routed)           1.880    11.301    clk_IBUF
    BUFGCTRL_X0Y16       BUFG (Prop_bufg_I_O)         0.091    11.392 r  clk_IBUF_BUFG_inst/O
                         net (fo=50, routed)          1.561    12.953    pwm_uut/clk_IBUF_BUFG
    SLICE_X42Y60         FDCE                                         r  pwm_uut/q_reg_reg[28]/C
                         clock pessimism              0.429    13.382    
                         clock uncertainty           -0.035    13.346    
    SLICE_X42Y60         FDCE (Setup_fdce_C_D)        0.109    13.455    pwm_uut/q_reg_reg[28]
  -------------------------------------------------------------------
                         required time                         13.455    
                         arrival time                         -10.270    
  -------------------------------------------------------------------
                         slack                                  3.185    

Slack (MET) :             3.198ns  (required time - arrival time)
  Source:                 pwm_uut/q_reg_reg[3]/C
                            (rising edge-triggered cell FDCE clocked by sys_clk_pin  {rise@0.000ns fall@4.000ns period=8.000ns})
  Destination:            pwm_uut/q_reg_reg[25]/D
                            (rising edge-triggered cell FDCE clocked by sys_clk_pin  {rise@0.000ns fall@4.000ns period=8.000ns})
  Path Group:             sys_clk_pin
  Path Type:              Setup (Max at Slow Process Corner)
  Requirement:            8.000ns  (sys_clk_pin rise@8.000ns - sys_clk_pin rise@0.000ns)
  Data Path Delay:        4.848ns  (logic 2.348ns (48.428%)  route 2.500ns (51.572%))
  Logic Levels:           10  (CARRY4=7 LUT6=3)
  Clock Path Skew:        -0.027ns (DCD - SCD + CPR)
    Destination Clock Delay (DCD):    4.953ns = ( 12.953 - 8.000 ) 
    Source Clock Delay      (SCD):    5.409ns
    Clock Pessimism Removal (CPR):    0.429ns
  Clock Uncertainty:      0.035ns  ((TSJ^2 + TIJ^2)^1/2 + DJ) / 2 + PE
    Total System Jitter     (TSJ):    0.071ns
    Total Input Jitter      (TIJ):    0.000ns
    Discrete Jitter          (DJ):    0.000ns
    Phase Error              (PE):    0.000ns

    Location             Delay type                Incr(ns)  Path(ns)    Netlist Resource(s)
  -------------------------------------------------------------------    -------------------
                         (clock sys_clk_pin rise edge)
                                                      0.000     0.000 r  
    K17                                               0.000     0.000 r  clk (IN)
                         net (fo=0)                   0.000     0.000    clk
    K17                  IBUF (Prop_ibuf_I_O)         1.492     1.492 r  clk_IBUF_inst/O
                         net (fo=1, routed)           2.076     3.568    clk_IBUF
    BUFGCTRL_X0Y16       BUFG (Prop_bufg_I_O)         0.101     3.669 r  clk_IBUF_BUFG_inst/O
                         net (fo=50, routed)          1.740     5.409    pwm_uut/clk_IBUF_BUFG
    SLICE_X42Y53         FDCE                                         r  pwm_uut/q_reg_reg[3]/C
  -------------------------------------------------------------------    -------------------
    SLICE_X42Y53         FDCE (Prop_fdce_C_Q)         0.518     5.927 r  pwm_uut/q_reg_reg[3]/Q
                         net (fo=2, routed)           0.967     6.894    pwm_uut/q_reg_reg[3]
    SLICE_X43Y57         LUT6 (Prop_lut6_I0_O)        0.124     7.018 r  pwm_uut/d_reg[7]_i_6/O
                         net (fo=1, routed)           0.433     7.451    pwm_uut/d_reg[7]_i_6_n_0
    SLICE_X43Y57         LUT6 (Prop_lut6_I0_O)        0.124     7.575 f  pwm_uut/d_reg[7]_i_3/O
                         net (fo=5, routed)           0.628     8.203    pwm_uut/d_reg[7]_i_3_n_0
    SLICE_X43Y54         LUT6 (Prop_lut6_I0_O)        0.124     8.327 r  pwm_uut/q_reg[0]_i_2/O
                         net (fo=1, routed)           0.473     8.799    pwm_uut/q_reg[0]_i_2_n_0
    SLICE_X42Y53         CARRY4 (Prop_carry4_DI[0]_CO[3])
                                                      0.550     9.349 r  pwm_uut/q_reg_reg[0]_i_1/CO[3]
                         net (fo=1, routed)           0.000     9.349    pwm_uut/q_reg_reg[0]_i_1_n_0
    SLICE_X42Y54         CARRY4 (Prop_carry4_CI_CO[3])
                                                      0.117     9.466 r  pwm_uut/q_reg_reg[4]_i_1/CO[3]
                         net (fo=1, routed)           0.000     9.466    pwm_uut/q_reg_reg[4]_i_1_n_0
    SLICE_X42Y55         CARRY4 (Prop_carry4_CI_CO[3])
                                                      0.117     9.583 r  pwm_uut/q_reg_reg[8]_i_1/CO[3]
                         net (fo=1, routed)           0.000     9.583    pwm_uut/q_reg_reg[8]_i_1_n_0
    SLICE_X42Y56         CARRY4 (Prop_carry4_CI_CO[3])
                                                      0.117     9.700 r  pwm_uut/q_reg_reg[12]_i_1/CO[3]
                         net (fo=1, routed)           0.000     9.700    pwm_uut/q_reg_reg[12]_i_1_n_0
    SLICE_X42Y57         CARRY4 (Prop_carry4_CI_CO[3])
                                                      0.117     9.817 r  pwm_uut/q_reg_reg[16]_i_1/CO[3]
                         net (fo=1, routed)           0.000     9.817    pwm_uut/q_reg_reg[16]_i_1_n_0
    SLICE_X42Y58         CARRY4 (Prop_carry4_CI_CO[3])
                                                      0.117     9.934 r  pwm_uut/q_reg_reg[20]_i_1/CO[3]
                         net (fo=1, routed)           0.000     9.934    pwm_uut/q_reg_reg[20]_i_1_n_0
    SLICE_X42Y59         CARRY4 (Prop_carry4_CI_O[1])
                                                      0.323    10.257 r  pwm_uut/q_reg_reg[24]_i_1/O[1]
                         net (fo=1, routed)           0.000    10.257    pwm_uut/q_reg_reg[24]_i_1_n_6
    SLICE_X42Y59         FDCE                                         r  pwm_uut/q_reg_reg[25]/D
  -------------------------------------------------------------------    -------------------

                         (clock sys_clk_pin rise edge)
                                                      8.000     8.000 r  
    K17                                               0.000     8.000 r  clk (IN)
                         net (fo=0)                   0.000     8.000    clk
    K17                  IBUF (Prop_ibuf_I_O)         1.421     9.421 r  clk_IBUF_inst/O
                         net (fo=1, routed)           1.880    11.301    clk_IBUF
    BUFGCTRL_X0Y16       BUFG (Prop_bufg_I_O)         0.091    11.392 r  clk_IBUF_BUFG_inst/O
                         net (fo=50, routed)          1.561    12.953    pwm_uut/clk_IBUF_BUFG
    SLICE_X42Y59         FDCE                                         r  pwm_uut/q_reg_reg[25]/C
                         clock pessimism              0.429    13.382    
                         clock uncertainty           -0.035    13.346    
    SLICE_X42Y59         FDCE (Setup_fdce_C_D)        0.109    13.455    pwm_uut/q_reg_reg[25]
  -------------------------------------------------------------------
                         required time                         13.455    
                         arrival time                         -10.257    
  -------------------------------------------------------------------
                         slack                                  3.198    

Slack (MET) :             3.206ns  (required time - arrival time)
  Source:                 pwm_uut/q_reg_reg[3]/C
                            (rising edge-triggered cell FDCE clocked by sys_clk_pin  {rise@0.000ns fall@4.000ns period=8.000ns})
  Destination:            pwm_uut/q_reg_reg[27]/D
                            (rising edge-triggered cell FDCE clocked by sys_clk_pin  {rise@0.000ns fall@4.000ns period=8.000ns})
  Path Group:             sys_clk_pin
  Path Type:              Setup (Max at Slow Process Corner)
  Requirement:            8.000ns  (sys_clk_pin rise@8.000ns - sys_clk_pin rise@0.000ns)
  Data Path Delay:        4.840ns  (logic 2.340ns (48.343%)  route 2.500ns (51.657%))
  Logic Levels:           10  (CARRY4=7 LUT6=3)
  Clock Path Skew:        -0.027ns (DCD - SCD + CPR)
    Destination Clock Delay (DCD):    4.953ns = ( 12.953 - 8.000 ) 
    Source Clock Delay      (SCD):    5.409ns
    Clock Pessimism Removal (CPR):    0.429ns
  Clock Uncertainty:      0.035ns  ((TSJ^2 + TIJ^2)^1/2 + DJ) / 2 + PE
    Total System Jitter     (TSJ):    0.071ns
    Total Input Jitter      (TIJ):    0.000ns
    Discrete Jitter          (DJ):    0.000ns
    Phase Error              (PE):    0.000ns

    Location             Delay type                Incr(ns)  Path(ns)    Netlist Resource(s)
  -------------------------------------------------------------------    -------------------
                         (clock sys_clk_pin rise edge)
                                                      0.000     0.000 r  
    K17                                               0.000     0.000 r  clk (IN)
                         net (fo=0)                   0.000     0.000    clk
    K17                  IBUF (Prop_ibuf_I_O)         1.492     1.492 r  clk_IBUF_inst/O
                         net (fo=1, routed)           2.076     3.568    clk_IBUF
    BUFGCTRL_X0Y16       BUFG (Prop_bufg_I_O)         0.101     3.669 r  clk_IBUF_BUFG_inst/O
                         net (fo=50, routed)          1.740     5.409    pwm_uut/clk_IBUF_BUFG
    SLICE_X42Y53         FDCE                                         r  pwm_uut/q_reg_reg[3]/C
  -------------------------------------------------------------------    -------------------
    SLICE_X42Y53         FDCE (Prop_fdce_C_Q)         0.518     5.927 r  pwm_uut/q_reg_reg[3]/Q
                         net (fo=2, routed)           0.967     6.894    pwm_uut/q_reg_reg[3]
    SLICE_X43Y57         LUT6 (Prop_lut6_I0_O)        0.124     7.018 r  pwm_uut/d_reg[7]_i_6/O
                         net (fo=1, routed)           0.433     7.451    pwm_uut/d_reg[7]_i_6_n_0
    SLICE_X43Y57         LUT6 (Prop_lut6_I0_O)        0.124     7.575 f  pwm_uut/d_reg[7]_i_3/O
                         net (fo=5, routed)           0.628     8.203    pwm_uut/d_reg[7]_i_3_n_0
    SLICE_X43Y54         LUT6 (Prop_lut6_I0_O)        0.124     8.327 r  pwm_uut/q_reg[0]_i_2/O
                         net (fo=1, routed)           0.473     8.799    pwm_uut/q_reg[0]_i_2_n_0
    SLICE_X42Y53         CARRY4 (Prop_carry4_DI[0]_CO[3])
                                                      0.550     9.349 r  pwm_uut/q_reg_reg[0]_i_1/CO[3]
                         net (fo=1, routed)           0.000     9.349    pwm_uut/q_reg_reg[0]_i_1_n_0
    SLICE_X42Y54         CARRY4 (Prop_carry4_CI_CO[3])
                                                      0.117     9.466 r  pwm_uut/q_reg_reg[4]_i_1/CO[3]
                         net (fo=1, routed)           0.000     9.466    pwm_uut/q_reg_reg[4]_i_1_n_0
    SLICE_X42Y55         CARRY4 (Prop_carry4_CI_CO[3])
                                                      0.117     9.583 r  pwm_uut/q_reg_reg[8]_i_1/CO[3]
                         net (fo=1, routed)           0.000     9.583    pwm_uut/q_reg_reg[8]_i_1_n_0
    SLICE_X42Y56         CARRY4 (Prop_carry4_CI_CO[3])
                                                      0.117     9.700 r  pwm_uut/q_reg_reg[12]_i_1/CO[3]
                         net (fo=1, routed)           0.000     9.700    pwm_uut/q_reg_reg[12]_i_1_n_0
    SLICE_X42Y57         CARRY4 (Prop_carry4_CI_CO[3])
                                                      0.117     9.817 r  pwm_uut/q_reg_reg[16]_i_1/CO[3]
                         net (fo=1, routed)           0.000     9.817    pwm_uut/q_reg_reg[16]_i_1_n_0
    SLICE_X42Y58         CARRY4 (Prop_carry4_CI_CO[3])
                                                      0.117     9.934 r  pwm_uut/q_reg_reg[20]_i_1/CO[3]
                         net (fo=1, routed)           0.000     9.934    pwm_uut/q_reg_reg[20]_i_1_n_0
    SLICE_X42Y59         CARRY4 (Prop_carry4_CI_O[3])
                                                      0.315    10.249 r  pwm_uut/q_reg_reg[24]_i_1/O[3]
                         net (fo=1, routed)           0.000    10.249    pwm_uut/q_reg_reg[24]_i_1_n_4
    SLICE_X42Y59         FDCE                                         r  pwm_uut/q_reg_reg[27]/D
  -------------------------------------------------------------------    -------------------

                         (clock sys_clk_pin rise edge)
                                                      8.000     8.000 r  
    K17                                               0.000     8.000 r  clk (IN)
                         net (fo=0)                   0.000     8.000    clk
    K17                  IBUF (Prop_ibuf_I_O)         1.421     9.421 r  clk_IBUF_inst/O
                         net (fo=1, routed)           1.880    11.301    clk_IBUF
    BUFGCTRL_X0Y16       BUFG (Prop_bufg_I_O)         0.091    11.392 r  clk_IBUF_BUFG_inst/O
                         net (fo=50, routed)          1.561    12.953    pwm_uut/clk_IBUF_BUFG
    SLICE_X42Y59         FDCE                                         r  pwm_uut/q_reg_reg[27]/C
                         clock pessimism              0.429    13.382    
                         clock uncertainty           -0.035    13.346    
    SLICE_X42Y59         FDCE (Setup_fdce_C_D)        0.109    13.455    pwm_uut/q_reg_reg[27]
  -------------------------------------------------------------------
                         required time                         13.455    
                         arrival time                         -10.249    
  -------------------------------------------------------------------
                         slack                                  3.206    

Slack (MET) :             3.282ns  (required time - arrival time)
  Source:                 pwm_uut/q_reg_reg[3]/C
                            (rising edge-triggered cell FDCE clocked by sys_clk_pin  {rise@0.000ns fall@4.000ns period=8.000ns})
  Destination:            pwm_uut/q_reg_reg[26]/D
                            (rising edge-triggered cell FDCE clocked by sys_clk_pin  {rise@0.000ns fall@4.000ns period=8.000ns})
  Path Group:             sys_clk_pin
  Path Type:              Setup (Max at Slow Process Corner)
  Requirement:            8.000ns  (sys_clk_pin rise@8.000ns - sys_clk_pin rise@0.000ns)
  Data Path Delay:        4.764ns  (logic 2.264ns (47.519%)  route 2.500ns (52.481%))
  Logic Levels:           10  (CARRY4=7 LUT6=3)
  Clock Path Skew:        -0.027ns (DCD - SCD + CPR)
    Destination Clock Delay (DCD):    4.953ns = ( 12.953 - 8.000 ) 
    Source Clock Delay      (SCD):    5.409ns
    Clock Pessimism Removal (CPR):    0.429ns
  Clock Uncertainty:      0.035ns  ((TSJ^2 + TIJ^2)^1/2 + DJ) / 2 + PE
    Total System Jitter     (TSJ):    0.071ns
    Total Input Jitter      (TIJ):    0.000ns
    Discrete Jitter          (DJ):    0.000ns
    Phase Error              (PE):    0.000ns

    Location             Delay type                Incr(ns)  Path(ns)    Netlist Resource(s)
  -------------------------------------------------------------------    -------------------
                         (clock sys_clk_pin rise edge)
                                                      0.000     0.000 r  
    K17                                               0.000     0.000 r  clk (IN)
                         net (fo=0)                   0.000     0.000    clk
    K17                  IBUF (Prop_ibuf_I_O)         1.492     1.492 r  clk_IBUF_inst/O
                         net (fo=1, routed)           2.076     3.568    clk_IBUF
    BUFGCTRL_X0Y16       BUFG (Prop_bufg_I_O)         0.101     3.669 r  clk_IBUF_BUFG_inst/O
                         net (fo=50, routed)          1.740     5.409    pwm_uut/clk_IBUF_BUFG
    SLICE_X42Y53         FDCE                                         r  pwm_uut/q_reg_reg[3]/C
  -------------------------------------------------------------------    -------------------
    SLICE_X42Y53         FDCE (Prop_fdce_C_Q)         0.518     5.927 r  pwm_uut/q_reg_reg[3]/Q
                         net (fo=2, routed)           0.967     6.894    pwm_uut/q_reg_reg[3]
    SLICE_X43Y57         LUT6 (Prop_lut6_I0_O)        0.124     7.018 r  pwm_uut/d_reg[7]_i_6/O
                         net (fo=1, routed)           0.433     7.451    pwm_uut/d_reg[7]_i_6_n_0
    SLICE_X43Y57         LUT6 (Prop_lut6_I0_O)        0.124     7.575 f  pwm_uut/d_reg[7]_i_3/O
                         net (fo=5, routed)           0.628     8.203    pwm_uut/d_reg[7]_i_3_n_0
    SLICE_X43Y54         LUT6 (Prop_lut6_I0_O)        0.124     8.327 r  pwm_uut/q_reg[0]_i_2/O
                         net (fo=1, routed)           0.473     8.799    pwm_uut/q_reg[0]_i_2_n_0
    SLICE_X42Y53         CARRY4 (Prop_carry4_DI[0]_CO[3])
                                                      0.550     9.349 r  pwm_uut/q_reg_reg[0]_i_1/CO[3]
                         net (fo=1, routed)           0.000     9.349    pwm_uut/q_reg_reg[0]_i_1_n_0
    SLICE_X42Y54         CARRY4 (Prop_carry4_CI_CO[3])
                                                      0.117     9.466 r  pwm_uut/q_reg_reg[4]_i_1/CO[3]
                         net (fo=1, routed)           0.000     9.466    pwm_uut/q_reg_reg[4]_i_1_n_0
    SLICE_X42Y55         CARRY4 (Prop_carry4_CI_CO[3])
                                                      0.117     9.583 r  pwm_uut/q_reg_reg[8]_i_1/CO[3]
                         net (fo=1, routed)           0.000     9.583    pwm_uut/q_reg_reg[8]_i_1_n_0
    SLICE_X42Y56         CARRY4 (Prop_carry4_CI_CO[3])
                                                      0.117     9.700 r  pwm_uut/q_reg_reg[12]_i_1/CO[3]
                         net (fo=1, routed)           0.000     9.700    pwm_uut/q_reg_reg[12]_i_1_n_0
    SLICE_X42Y57         CARRY4 (Prop_carry4_CI_CO[3])
                                                      0.117     9.817 r  pwm_uut/q_reg_reg[16]_i_1/CO[3]
                         net (fo=1, routed)           0.000     9.817    pwm_uut/q_reg_reg[16]_i_1_n_0
    SLICE_X42Y58         CARRY4 (Prop_carry4_CI_CO[3])
                                                      0.117     9.934 r  pwm_uut/q_reg_reg[20]_i_1/CO[3]
                         net (fo=1, routed)           0.000     9.934    pwm_uut/q_reg_reg[20]_i_1_n_0
    SLICE_X42Y59         CARRY4 (Prop_carry4_CI_O[2])
                                                      0.239    10.173 r  pwm_uut/q_reg_reg[24]_i_1/O[2]
                         net (fo=1, routed)           0.000    10.173    pwm_uut/q_reg_reg[24]_i_1_n_5
    SLICE_X42Y59         FDCE                                         r  pwm_uut/q_reg_reg[26]/D
  -------------------------------------------------------------------    -------------------

                         (clock sys_clk_pin rise edge)
                                                      8.000     8.000 r  
    K17                                               0.000     8.000 r  clk (IN)
                         net (fo=0)                   0.000     8.000    clk
    K17                  IBUF (Prop_ibuf_I_O)         1.421     9.421 r  clk_IBUF_inst/O
                         net (fo=1, routed)           1.880    11.301    clk_IBUF
    BUFGCTRL_X0Y16       BUFG (Prop_bufg_I_O)         0.091    11.392 r  clk_IBUF_BUFG_inst/O
                         net (fo=50, routed)          1.561    12.953    pwm_uut/clk_IBUF_BUFG
    SLICE_X42Y59         FDCE                                         r  pwm_uut/q_reg_reg[26]/C
                         clock pessimism              0.429    13.382    
                         clock uncertainty           -0.035    13.346    
    SLICE_X42Y59         FDCE (Setup_fdce_C_D)        0.109    13.455    pwm_uut/q_reg_reg[26]
  -------------------------------------------------------------------
                         required time                         13.455    
                         arrival time                         -10.173    
  -------------------------------------------------------------------
                         slack                                  3.282    

Slack (MET) :             3.302ns  (required time - arrival time)
  Source:                 pwm_uut/q_reg_reg[3]/C
                            (rising edge-triggered cell FDCE clocked by sys_clk_pin  {rise@0.000ns fall@4.000ns period=8.000ns})
  Destination:            pwm_uut/q_reg_reg[24]/D
                            (rising edge-triggered cell FDCE clocked by sys_clk_pin  {rise@0.000ns fall@4.000ns period=8.000ns})
  Path Group:             sys_clk_pin
  Path Type:              Setup (Max at Slow Process Corner)
  Requirement:            8.000ns  (sys_clk_pin rise@8.000ns - sys_clk_pin rise@0.000ns)
  Data Path Delay:        4.744ns  (logic 2.244ns (47.297%)  route 2.500ns (52.703%))
  Logic Levels:           10  (CARRY4=7 LUT6=3)
  Clock Path Skew:        -0.027ns (DCD - SCD + CPR)
    Destination Clock Delay (DCD):    4.953ns = ( 12.953 - 8.000 ) 
    Source Clock Delay      (SCD):    5.409ns
    Clock Pessimism Removal (CPR):    0.429ns
  Clock Uncertainty:      0.035ns  ((TSJ^2 + TIJ^2)^1/2 + DJ) / 2 + PE
    Total System Jitter     (TSJ):    0.071ns
    Total Input Jitter      (TIJ):    0.000ns
    Discrete Jitter          (DJ):    0.000ns
    Phase Error              (PE):    0.000ns

    Location             Delay type                Incr(ns)  Path(ns)    Netlist Resource(s)
  -------------------------------------------------------------------    -------------------
                         (clock sys_clk_pin rise edge)
                                                      0.000     0.000 r  
    K17                                               0.000     0.000 r  clk (IN)
                         net (fo=0)                   0.000     0.000    clk
    K17                  IBUF (Prop_ibuf_I_O)         1.492     1.492 r  clk_IBUF_inst/O
                         net (fo=1, routed)           2.076     3.568    clk_IBUF
    BUFGCTRL_X0Y16       BUFG (Prop_bufg_I_O)         0.101     3.669 r  clk_IBUF_BUFG_inst/O
                         net (fo=50, routed)          1.740     5.409    pwm_uut/clk_IBUF_BUFG
    SLICE_X42Y53         FDCE                                         r  pwm_uut/q_reg_reg[3]/C
  -------------------------------------------------------------------    -------------------
    SLICE_X42Y53         FDCE (Prop_fdce_C_Q)         0.518     5.927 r  pwm_uut/q_reg_reg[3]/Q
                         net (fo=2, routed)           0.967     6.894    pwm_uut/q_reg_reg[3]
    SLICE_X43Y57         LUT6 (Prop_lut6_I0_O)        0.124     7.018 r  pwm_uut/d_reg[7]_i_6/O
                         net (fo=1, routed)           0.433     7.451    pwm_uut/d_reg[7]_i_6_n_0
    SLICE_X43Y57         LUT6 (Prop_lut6_I0_O)        0.124     7.575 f  pwm_uut/d_reg[7]_i_3/O
                         net (fo=5, routed)           0.628     8.203    pwm_uut/d_reg[7]_i_3_n_0
    SLICE_X43Y54         LUT6 (Prop_lut6_I0_O)        0.124     8.327 r  pwm_uut/q_reg[0]_i_2/O
                         net (fo=1, routed)           0.473     8.799    pwm_uut/q_reg[0]_i_2_n_0
    SLICE_X42Y53         CARRY4 (Prop_carry4_DI[0]_CO[3])
                                                      0.550     9.349 r  pwm_uut/q_reg_reg[0]_i_1/CO[3]
                         net (fo=1, routed)           0.000     9.349    pwm_uut/q_reg_reg[0]_i_1_n_0
    SLICE_X42Y54         CARRY4 (Prop_carry4_CI_CO[3])
                                                      0.117     9.466 r  pwm_uut/q_reg_reg[4]_i_1/CO[3]
                         net (fo=1, routed)           0.000     9.466    pwm_uut/q_reg_reg[4]_i_1_n_0
    SLICE_X42Y55         CARRY4 (Prop_carry4_CI_CO[3])
                                                      0.117     9.583 r  pwm_uut/q_reg_reg[8]_i_1/CO[3]
                         net (fo=1, routed)           0.000     9.583    pwm_uut/q_reg_reg[8]_i_1_n_0
    SLICE_X42Y56         CARRY4 (Prop_carry4_CI_CO[3])
                                                      0.117     9.700 r  pwm_uut/q_reg_reg[12]_i_1/CO[3]
                         net (fo=1, routed)           0.000     9.700    pwm_uut/q_reg_reg[12]_i_1_n_0
    SLICE_X42Y57         CARRY4 (Prop_carry4_CI_CO[3])
                                                      0.117     9.817 r  pwm_uut/q_reg_reg[16]_i_1/CO[3]
                         net (fo=1, routed)           0.000     9.817    pwm_uut/q_reg_reg[16]_i_1_n_0
    SLICE_X42Y58         CARRY4 (Prop_carry4_CI_CO[3])
                                                      0.117     9.934 r  pwm_uut/q_reg_reg[20]_i_1/CO[3]
                         net (fo=1, routed)           0.000     9.934    pwm_uut/q_reg_reg[20]_i_1_n_0
    SLICE_X42Y59         CARRY4 (Prop_carry4_CI_O[0])
                                                      0.219    10.153 r  pwm_uut/q_reg_reg[24]_i_1/O[0]
                         net (fo=1, routed)           0.000    10.153    pwm_uut/q_reg_reg[24]_i_1_n_7
    SLICE_X42Y59         FDCE                                         r  pwm_uut/q_reg_reg[24]/D
  -------------------------------------------------------------------    -------------------

                         (clock sys_clk_pin rise edge)
                                                      8.000     8.000 r  
    K17                                               0.000     8.000 r  clk (IN)
                         net (fo=0)                   0.000     8.000    clk
    K17                  IBUF (Prop_ibuf_I_O)         1.421     9.421 r  clk_IBUF_inst/O
                         net (fo=1, routed)           1.880    11.301    clk_IBUF
    BUFGCTRL_X0Y16       BUFG (Prop_bufg_I_O)         0.091    11.392 r  clk_IBUF_BUFG_inst/O
                         net (fo=50, routed)          1.561    12.953    pwm_uut/clk_IBUF_BUFG
    SLICE_X42Y59         FDCE                                         r  pwm_uut/q_reg_reg[24]/C
                         clock pessimism              0.429    13.382    
                         clock uncertainty           -0.035    13.346    
    SLICE_X42Y59         FDCE (Setup_fdce_C_D)        0.109    13.455    pwm_uut/q_reg_reg[24]
  -------------------------------------------------------------------
                         required time                         13.455    
                         arrival time                         -10.153    
  -------------------------------------------------------------------
                         slack                                  3.302    

Slack (MET) :             3.316ns  (required time - arrival time)
  Source:                 pwm_uut/q_reg_reg[3]/C
                            (rising edge-triggered cell FDCE clocked by sys_clk_pin  {rise@0.000ns fall@4.000ns period=8.000ns})
  Destination:            pwm_uut/q_reg_reg[21]/D
                            (rising edge-triggered cell FDCE clocked by sys_clk_pin  {rise@0.000ns fall@4.000ns period=8.000ns})
  Path Group:             sys_clk_pin
  Path Type:              Setup (Max at Slow Process Corner)
  Requirement:            8.000ns  (sys_clk_pin rise@8.000ns - sys_clk_pin rise@0.000ns)
  Data Path Delay:        4.731ns  (logic 2.231ns (47.153%)  route 2.500ns (52.847%))
  Logic Levels:           9  (CARRY4=6 LUT6=3)
  Clock Path Skew:        -0.026ns (DCD - SCD + CPR)
    Destination Clock Delay (DCD):    4.954ns = ( 12.954 - 8.000 ) 
    Source Clock Delay      (SCD):    5.409ns
    Clock Pessimism Removal (CPR):    0.429ns
  Clock Uncertainty:      0.035ns  ((TSJ^2 + TIJ^2)^1/2 + DJ) / 2 + PE
    Total System Jitter     (TSJ):    0.071ns
    Total Input Jitter      (TIJ):    0.000ns
    Discrete Jitter          (DJ):    0.000ns
    Phase Error              (PE):    0.000ns

    Location             Delay type                Incr(ns)  Path(ns)    Netlist Resource(s)
  -------------------------------------------------------------------    -------------------
                         (clock sys_clk_pin rise edge)
                                                      0.000     0.000 r  
    K17                                               0.000     0.000 r  clk (IN)
                         net (fo=0)                   0.000     0.000    clk
    K17                  IBUF (Prop_ibuf_I_O)         1.492     1.492 r  clk_IBUF_inst/O
                         net (fo=1, routed)           2.076     3.568    clk_IBUF
    BUFGCTRL_X0Y16       BUFG (Prop_bufg_I_O)         0.101     3.669 r  clk_IBUF_BUFG_inst/O
                         net (fo=50, routed)          1.740     5.409    pwm_uut/clk_IBUF_BUFG
    SLICE_X42Y53         FDCE                                         r  pwm_uut/q_reg_reg[3]/C
  -------------------------------------------------------------------    -------------------
    SLICE_X42Y53         FDCE (Prop_fdce_C_Q)         0.518     5.927 r  pwm_uut/q_reg_reg[3]/Q
                         net (fo=2, routed)           0.967     6.894    pwm_uut/q_reg_reg[3]
    SLICE_X43Y57         LUT6 (Prop_lut6_I0_O)        0.124     7.018 r  pwm_uut/d_reg[7]_i_6/O
                         net (fo=1, routed)           0.433     7.451    pwm_uut/d_reg[7]_i_6_n_0
    SLICE_X43Y57         LUT6 (Prop_lut6_I0_O)        0.124     7.575 f  pwm_uut/d_reg[7]_i_3/O
                         net (fo=5, routed)           0.628     8.203    pwm_uut/d_reg[7]_i_3_n_0
    SLICE_X43Y54         LUT6 (Prop_lut6_I0_O)        0.124     8.327 r  pwm_uut/q_reg[0]_i_2/O
                         net (fo=1, routed)           0.473     8.799    pwm_uut/q_reg[0]_i_2_n_0
    SLICE_X42Y53         CARRY4 (Prop_carry4_DI[0]_CO[3])
                                                      0.550     9.349 r  pwm_uut/q_reg_reg[0]_i_1/CO[3]
                         net (fo=1, routed)           0.000     9.349    pwm_uut/q_reg_reg[0]_i_1_n_0
    SLICE_X42Y54         CARRY4 (Prop_carry4_CI_CO[3])
                                                      0.117     9.466 r  pwm_uut/q_reg_reg[4]_i_1/CO[3]
                         net (fo=1, routed)           0.000     9.466    pwm_uut/q_reg_reg[4]_i_1_n_0
    SLICE_X42Y55         CARRY4 (Prop_carry4_CI_CO[3])
                                                      0.117     9.583 r  pwm_uut/q_reg_reg[8]_i_1/CO[3]
                         net (fo=1, routed)           0.000     9.583    pwm_uut/q_reg_reg[8]_i_1_n_0
    SLICE_X42Y56         CARRY4 (Prop_carry4_CI_CO[3])
                                                      0.117     9.700 r  pwm_uut/q_reg_reg[12]_i_1/CO[3]
                         net (fo=1, routed)           0.000     9.700    pwm_uut/q_reg_reg[12]_i_1_n_0
    SLICE_X42Y57         CARRY4 (Prop_carry4_CI_CO[3])
                                                      0.117     9.817 r  pwm_uut/q_reg_reg[16]_i_1/CO[3]
                         net (fo=1, routed)           0.000     9.817    pwm_uut/q_reg_reg[16]_i_1_n_0
    SLICE_X42Y58         CARRY4 (Prop_carry4_CI_O[1])
                                                      0.323    10.140 r  pwm_uut/q_reg_reg[20]_i_1/O[1]
                         net (fo=1, routed)           0.000    10.140    pwm_uut/q_reg_reg[20]_i_1_n_6
    SLICE_X42Y58         FDCE                                         r  pwm_uut/q_reg_reg[21]/D
  -------------------------------------------------------------------    -------------------

                         (clock sys_clk_pin rise edge)
                                                      8.000     8.000 r  
    K17                                               0.000     8.000 r  clk (IN)
                         net (fo=0)                   0.000     8.000    clk
    K17                  IBUF (Prop_ibuf_I_O)         1.421     9.421 r  clk_IBUF_inst/O
                         net (fo=1, routed)           1.880    11.301    clk_IBUF
    BUFGCTRL_X0Y16       BUFG (Prop_bufg_I_O)         0.091    11.392 r  clk_IBUF_BUFG_inst/O
                         net (fo=50, routed)          1.562    12.954    pwm_uut/clk_IBUF_BUFG
    SLICE_X42Y58         FDCE                                         r  pwm_uut/q_reg_reg[21]/C
                         clock pessimism              0.429    13.383    
                         clock uncertainty           -0.035    13.347    
    SLICE_X42Y58         FDCE (Setup_fdce_C_D)        0.109    13.456    pwm_uut/q_reg_reg[21]
  -------------------------------------------------------------------
                         required time                         13.456    
                         arrival time                         -10.140    
  -------------------------------------------------------------------
                         slack                                  3.316    

Slack (MET) :             3.324ns  (required time - arrival time)
  Source:                 pwm_uut/q_reg_reg[3]/C
                            (rising edge-triggered cell FDCE clocked by sys_clk_pin  {rise@0.000ns fall@4.000ns period=8.000ns})
  Destination:            pwm_uut/q_reg_reg[23]/D
                            (rising edge-triggered cell FDCE clocked by sys_clk_pin  {rise@0.000ns fall@4.000ns period=8.000ns})
  Path Group:             sys_clk_pin
  Path Type:              Setup (Max at Slow Process Corner)
  Requirement:            8.000ns  (sys_clk_pin rise@8.000ns - sys_clk_pin rise@0.000ns)
  Data Path Delay:        4.723ns  (logic 2.223ns (47.063%)  route 2.500ns (52.937%))
  Logic Levels:           9  (CARRY4=6 LUT6=3)
  Clock Path Skew:        -0.026ns (DCD - SCD + CPR)
    Destination Clock Delay (DCD):    4.954ns = ( 12.954 - 8.000 ) 
    Source Clock Delay      (SCD):    5.409ns
    Clock Pessimism Removal (CPR):    0.429ns
  Clock Uncertainty:      0.035ns  ((TSJ^2 + TIJ^2)^1/2 + DJ) / 2 + PE
    Total System Jitter     (TSJ):    0.071ns
    Total Input Jitter      (TIJ):    0.000ns
    Discrete Jitter          (DJ):    0.000ns
    Phase Error              (PE):    0.000ns

    Location             Delay type                Incr(ns)  Path(ns)    Netlist Resource(s)
  -------------------------------------------------------------------    -------------------
                         (clock sys_clk_pin rise edge)
                                                      0.000     0.000 r  
    K17                                               0.000     0.000 r  clk (IN)
                         net (fo=0)                   0.000     0.000    clk
    K17                  IBUF (Prop_ibuf_I_O)         1.492     1.492 r  clk_IBUF_inst/O
                         net (fo=1, routed)           2.076     3.568    clk_IBUF
    BUFGCTRL_X0Y16       BUFG (Prop_bufg_I_O)         0.101     3.669 r  clk_IBUF_BUFG_inst/O
                         net (fo=50, routed)          1.740     5.409    pwm_uut/clk_IBUF_BUFG
    SLICE_X42Y53         FDCE                                         r  pwm_uut/q_reg_reg[3]/C
  -------------------------------------------------------------------    -------------------
    SLICE_X42Y53         FDCE (Prop_fdce_C_Q)         0.518     5.927 r  pwm_uut/q_reg_reg[3]/Q
                         net (fo=2, routed)           0.967     6.894    pwm_uut/q_reg_reg[3]
    SLICE_X43Y57         LUT6 (Prop_lut6_I0_O)        0.124     7.018 r  pwm_uut/d_reg[7]_i_6/O
                         net (fo=1, routed)           0.433     7.451    pwm_uut/d_reg[7]_i_6_n_0
    SLICE_X43Y57         LUT6 (Prop_lut6_I0_O)        0.124     7.575 f  pwm_uut/d_reg[7]_i_3/O
                         net (fo=5, routed)           0.628     8.203    pwm_uut/d_reg[7]_i_3_n_0
    SLICE_X43Y54         LUT6 (Prop_lut6_I0_O)        0.124     8.327 r  pwm_uut/q_reg[0]_i_2/O
                         net (fo=1, routed)           0.473     8.799    pwm_uut/q_reg[0]_i_2_n_0
    SLICE_X42Y53         CARRY4 (Prop_carry4_DI[0]_CO[3])
                                                      0.550     9.349 r  pwm_uut/q_reg_reg[0]_i_1/CO[3]
                         net (fo=1, routed)           0.000     9.349    pwm_uut/q_reg_reg[0]_i_1_n_0
    SLICE_X42Y54         CARRY4 (Prop_carry4_CI_CO[3])
                                                      0.117     9.466 r  pwm_uut/q_reg_reg[4]_i_1/CO[3]
                         net (fo=1, routed)           0.000     9.466    pwm_uut/q_reg_reg[4]_i_1_n_0
    SLICE_X42Y55         CARRY4 (Prop_carry4_CI_CO[3])
                                                      0.117     9.583 r  pwm_uut/q_reg_reg[8]_i_1/CO[3]
                         net (fo=1, routed)           0.000     9.583    pwm_uut/q_reg_reg[8]_i_1_n_0
    SLICE_X42Y56         CARRY4 (Prop_carry4_CI_CO[3])
                                                      0.117     9.700 r  pwm_uut/q_reg_reg[12]_i_1/CO[3]
                         net (fo=1, routed)           0.000     9.700    pwm_uut/q_reg_reg[12]_i_1_n_0
    SLICE_X42Y57         CARRY4 (Prop_carry4_CI_CO[3])
                                                      0.117     9.817 r  pwm_uut/q_reg_reg[16]_i_1/CO[3]
                         net (fo=1, routed)           0.000     9.817    pwm_uut/q_reg_reg[16]_i_1_n_0
    SLICE_X42Y58         CARRY4 (Prop_carry4_CI_O[3])
                                                      0.315    10.132 r  pwm_uut/q_reg_reg[20]_i_1/O[3]
                         net (fo=1, routed)           0.000    10.132    pwm_uut/q_reg_reg[20]_i_1_n_4
    SLICE_X42Y58         FDCE                                         r  pwm_uut/q_reg_reg[23]/D
  -------------------------------------------------------------------    -------------------

                         (clock sys_clk_pin rise edge)
                                                      8.000     8.000 r  
    K17                                               0.000     8.000 r  clk (IN)
                         net (fo=0)                   0.000     8.000    clk
    K17                  IBUF (Prop_ibuf_I_O)         1.421     9.421 r  clk_IBUF_inst/O
                         net (fo=1, routed)           1.880    11.301    clk_IBUF
    BUFGCTRL_X0Y16       BUFG (Prop_bufg_I_O)         0.091    11.392 r  clk_IBUF_BUFG_inst/O
                         net (fo=50, routed)          1.562    12.954    pwm_uut/clk_IBUF_BUFG
    SLICE_X42Y58         FDCE                                         r  pwm_uut/q_reg_reg[23]/C
                         clock pessimism              0.429    13.383    
                         clock uncertainty           -0.035    13.347    
    SLICE_X42Y58         FDCE (Setup_fdce_C_D)        0.109    13.456    pwm_uut/q_reg_reg[23]
  -------------------------------------------------------------------
                         required time                         13.456    
                         arrival time                         -10.132    
  -------------------------------------------------------------------
                         slack                                  3.324    





Min Delay Paths
--------------------------------------------------------------------------------------
Slack (MET) :             0.190ns  (arrival time - required time)
  Source:                 duty_reg_reg[6]/C
                            (rising edge-triggered cell FDCE clocked by sys_clk_pin  {rise@0.000ns fall@4.000ns period=8.000ns})
  Destination:            pwm_uut/pwm_reg_reg/D
                            (rising edge-triggered cell FDCE clocked by sys_clk_pin  {rise@0.000ns fall@4.000ns period=8.000ns})
  Path Group:             sys_clk_pin
  Path Type:              Hold (Min at Fast Process Corner)
  Requirement:            0.000ns  (sys_clk_pin rise@0.000ns - sys_clk_pin rise@0.000ns)
  Data Path Delay:        0.281ns  (logic 0.227ns (80.665%)  route 0.054ns (19.335%))
  Logic Levels:           1  (LUT3=1)
  Clock Path Skew:        0.000ns (DCD - SCD - CPR)
    Destination Clock Delay (DCD):    2.018ns
    Source Clock Delay      (SCD):    1.501ns
    Clock Pessimism Removal (CPR):    0.517ns

    Location             Delay type                Incr(ns)  Path(ns)    Netlist Resource(s)
  -------------------------------------------------------------------    -------------------
                         (clock sys_clk_pin rise edge)
                                                      0.000     0.000 r  
    K17                                               0.000     0.000 r  clk (IN)
                         net (fo=0)                   0.000     0.000    clk
    K17                  IBUF (Prop_ibuf_I_O)         0.259     0.259 r  clk_IBUF_inst/O
                         net (fo=1, routed)           0.627     0.887    clk_IBUF
    BUFGCTRL_X0Y16       BUFG (Prop_bufg_I_O)         0.026     0.913 r  clk_IBUF_BUFG_inst/O
                         net (fo=50, routed)          0.589     1.501    clk_IBUF_BUFG
    SLICE_X43Y52         FDCE                                         r  duty_reg_reg[6]/C
  -------------------------------------------------------------------    -------------------
    SLICE_X43Y52         FDCE (Prop_fdce_C_Q)         0.128     1.629 r  duty_reg_reg[6]/Q
                         net (fo=1, routed)           0.054     1.684    pwm_uut/duty[0]
    SLICE_X43Y52         LUT3 (Prop_lut3_I1_O)        0.099     1.783 r  pwm_uut/pwm_reg_i_1/O
                         net (fo=1, routed)           0.000     1.783    pwm_uut/pwm_reg_i_1_n_0
    SLICE_X43Y52         FDCE                                         r  pwm_uut/pwm_reg_reg/D
  -------------------------------------------------------------------    -------------------

                         (clock sys_clk_pin rise edge)
                                                      0.000     0.000 r  
    K17                                               0.000     0.000 r  clk (IN)
                         net (fo=0)                   0.000     0.000    clk
    K17                  IBUF (Prop_ibuf_I_O)         0.447     0.447 r  clk_IBUF_inst/O
                         net (fo=1, routed)           0.683     1.130    clk_IBUF
    BUFGCTRL_X0Y16       BUFG (Prop_bufg_I_O)         0.029     1.159 r  clk_IBUF_BUFG_inst/O
                         net (fo=50, routed)          0.859     2.018    pwm_uut/clk_IBUF_BUFG
    SLICE_X43Y52         FDCE                                         r  pwm_uut/pwm_reg_reg/C
                         clock pessimism             -0.517     1.501    
    SLICE_X43Y52         FDCE (Hold_fdce_C_D)         0.091     1.592    pwm_uut/pwm_reg_reg
  -------------------------------------------------------------------
                         required time                         -1.592    
                         arrival time                           1.783    
  -------------------------------------------------------------------
                         slack                                  0.190    

Slack (MET) :             0.196ns  (arrival time - required time)
  Source:                 ADC_uut/FSM_onehot_current_state_reg[2]/C
                            (rising edge-triggered cell FDCE clocked by sys_clk_pin  {rise@0.000ns fall@4.000ns period=8.000ns})
  Destination:            ADC_uut/FSM_onehot_current_state_reg[0]/D
                            (rising edge-triggered cell FDPE clocked by sys_clk_pin  {rise@0.000ns fall@4.000ns period=8.000ns})
  Path Group:             sys_clk_pin
  Path Type:              Hold (Min at Fast Process Corner)
  Requirement:            0.000ns  (sys_clk_pin rise@0.000ns - sys_clk_pin rise@0.000ns)
  Data Path Delay:        0.317ns  (logic 0.246ns (77.542%)  route 0.071ns (22.458%))
  Logic Levels:           1  (LUT3=1)
  Clock Path Skew:        0.000ns (DCD - SCD - CPR)
    Destination Clock Delay (DCD):    2.018ns
    Source Clock Delay      (SCD):    1.501ns
    Clock Pessimism Removal (CPR):    0.517ns

    Location             Delay type                Incr(ns)  Path(ns)    Netlist Resource(s)
  -------------------------------------------------------------------    -------------------
                         (clock sys_clk_pin rise edge)
                                                      0.000     0.000 r  
    K17                                               0.000     0.000 r  clk (IN)
                         net (fo=0)                   0.000     0.000    clk
    K17                  IBUF (Prop_ibuf_I_O)         0.259     0.259 r  clk_IBUF_inst/O
                         net (fo=1, routed)           0.627     0.887    clk_IBUF
    BUFGCTRL_X0Y16       BUFG (Prop_bufg_I_O)         0.026     0.913 r  clk_IBUF_BUFG_inst/O
                         net (fo=50, routed)          0.589     1.501    ADC_uut/clk_IBUF_BUFG
    SLICE_X42Y51         FDCE                                         r  ADC_uut/FSM_onehot_current_state_reg[2]/C
  -------------------------------------------------------------------    -------------------
    SLICE_X42Y51         FDCE (Prop_fdce_C_Q)         0.148     1.649 f  ADC_uut/FSM_onehot_current_state_reg[2]/Q
                         net (fo=2, routed)           0.071     1.721    ADC_uut/FSM_onehot_current_state_reg_n_0_[2]
    SLICE_X42Y51         LUT3 (Prop_lut3_I1_O)        0.098     1.819 r  ADC_uut/FSM_onehot_current_state[0]_i_1/O
                         net (fo=1, routed)           0.000     1.819    ADC_uut/FSM_onehot_current_state[0]_i_1_n_0
    SLICE_X42Y51         FDPE                                         r  ADC_uut/FSM_onehot_current_state_reg[0]/D
  -------------------------------------------------------------------    -------------------

                         (clock sys_clk_pin rise edge)
                                                      0.000     0.000 r  
    K17                                               0.000     0.000 r  clk (IN)
                         net (fo=0)                   0.000     0.000    clk
    K17                  IBUF (Prop_ibuf_I_O)         0.447     0.447 r  clk_IBUF_inst/O
                         net (fo=1, routed)           0.683     1.130    clk_IBUF
    BUFGCTRL_X0Y16       BUFG (Prop_bufg_I_O)         0.029     1.159 r  clk_IBUF_BUFG_inst/O
                         net (fo=50, routed)          0.859     2.018    ADC_uut/clk_IBUF_BUFG
    SLICE_X42Y51         FDPE                                         r  ADC_uut/FSM_onehot_current_state_reg[0]/C
                         clock pessimism             -0.517     1.501    
    SLICE_X42Y51         FDPE (Hold_fdpe_C_D)         0.121     1.622    ADC_uut/FSM_onehot_current_state_reg[0]
  -------------------------------------------------------------------
                         required time                         -1.622    
                         arrival time                           1.819    
  -------------------------------------------------------------------
                         slack                                  0.196    

Slack (MET) :             0.241ns  (arrival time - required time)
  Source:                 pwm_uut/d_reg_reg[0]/C
                            (rising edge-triggered cell FDCE clocked by sys_clk_pin  {rise@0.000ns fall@4.000ns period=8.000ns})
  Destination:            pwm_uut/d_reg_reg[5]/D
                            (rising edge-triggered cell FDCE clocked by sys_clk_pin  {rise@0.000ns fall@4.000ns period=8.000ns})
  Path Group:             sys_clk_pin
  Path Type:              Hold (Min at Fast Process Corner)
  Requirement:            0.000ns  (sys_clk_pin rise@0.000ns - sys_clk_pin rise@0.000ns)
  Data Path Delay:        0.333ns  (logic 0.186ns (55.885%)  route 0.147ns (44.115%))
  Logic Levels:           1  (LUT6=1)
  Clock Path Skew:        0.000ns (DCD - SCD - CPR)
    Destination Clock Delay (DCD):    2.017ns
    Source Clock Delay      (SCD):    1.500ns
    Clock Pessimism Removal (CPR):    0.517ns

    Location             Delay type                Incr(ns)  Path(ns)    Netlist Resource(s)
  -------------------------------------------------------------------    -------------------
                         (clock sys_clk_pin rise edge)
                                                      0.000     0.000 r  
    K17                                               0.000     0.000 r  clk (IN)
                         net (fo=0)                   0.000     0.000    clk
    K17                  IBUF (Prop_ibuf_I_O)         0.259     0.259 r  clk_IBUF_inst/O
                         net (fo=1, routed)           0.627     0.887    clk_IBUF
    BUFGCTRL_X0Y16       BUFG (Prop_bufg_I_O)         0.026     0.913 r  clk_IBUF_BUFG_inst/O
                         net (fo=50, routed)          0.588     1.500    pwm_uut/clk_IBUF_BUFG
    SLICE_X43Y53         FDCE                                         r  pwm_uut/d_reg_reg[0]/C
  -------------------------------------------------------------------    -------------------
    SLICE_X43Y53         FDCE (Prop_fdce_C_Q)         0.141     1.641 r  pwm_uut/d_reg_reg[0]/Q
                         net (fo=7, routed)           0.147     1.788    pwm_uut/d_reg_reg_n_0_[0]
    SLICE_X43Y53         LUT6 (Prop_lut6_I2_O)        0.045     1.833 r  pwm_uut/d_reg[5]_i_1/O
                         net (fo=1, routed)           0.000     1.833    pwm_uut/plusOp[5]
    SLICE_X43Y53         FDCE                                         r  pwm_uut/d_reg_reg[5]/D
  -------------------------------------------------------------------    -------------------

                         (clock sys_clk_pin rise edge)
                                                      0.000     0.000 r  
    K17                                               0.000     0.000 r  clk (IN)
                         net (fo=0)                   0.000     0.000    clk
    K17                  IBUF (Prop_ibuf_I_O)         0.447     0.447 r  clk_IBUF_inst/O
                         net (fo=1, routed)           0.683     1.130    clk_IBUF
    BUFGCTRL_X0Y16       BUFG (Prop_bufg_I_O)         0.029     1.159 r  clk_IBUF_BUFG_inst/O
                         net (fo=50, routed)          0.858     2.017    pwm_uut/clk_IBUF_BUFG
    SLICE_X43Y53         FDCE                                         r  pwm_uut/d_reg_reg[5]/C
                         clock pessimism             -0.517     1.500    
    SLICE_X43Y53         FDCE (Hold_fdce_C_D)         0.092     1.592    pwm_uut/d_reg_reg[5]
  -------------------------------------------------------------------
                         required time                         -1.592    
                         arrival time                           1.833    
  -------------------------------------------------------------------
                         slack                                  0.241    

Slack (MET) :             0.244ns  (arrival time - required time)
  Source:                 pwm_uut/d_reg_reg[5]/C
                            (rising edge-triggered cell FDCE clocked by sys_clk_pin  {rise@0.000ns fall@4.000ns period=8.000ns})
  Destination:            pwm_uut/d_reg_reg[6]/D
                            (rising edge-triggered cell FDCE clocked by sys_clk_pin  {rise@0.000ns fall@4.000ns period=8.000ns})
  Path Group:             sys_clk_pin
  Path Type:              Hold (Min at Fast Process Corner)
  Requirement:            0.000ns  (sys_clk_pin rise@0.000ns - sys_clk_pin rise@0.000ns)
  Data Path Delay:        0.352ns  (logic 0.186ns (52.846%)  route 0.166ns (47.154%))
  Logic Levels:           1  (LUT5=1)
  Clock Path Skew:        0.016ns (DCD - SCD - CPR)
    Destination Clock Delay (DCD):    2.017ns
    Source Clock Delay      (SCD):    1.500ns
    Clock Pessimism Removal (CPR):    0.501ns

    Location             Delay type                Incr(ns)  Path(ns)    Netlist Resource(s)
  -------------------------------------------------------------------    -------------------
                         (clock sys_clk_pin rise edge)
                                                      0.000     0.000 r  
    K17                                               0.000     0.000 r  clk (IN)
                         net (fo=0)                   0.000     0.000    clk
    K17                  IBUF (Prop_ibuf_I_O)         0.259     0.259 r  clk_IBUF_inst/O
                         net (fo=1, routed)           0.627     0.887    clk_IBUF
    BUFGCTRL_X0Y16       BUFG (Prop_bufg_I_O)         0.026     0.913 r  clk_IBUF_BUFG_inst/O
                         net (fo=50, routed)          0.588     1.500    pwm_uut/clk_IBUF_BUFG
    SLICE_X43Y53         FDCE                                         r  pwm_uut/d_reg_reg[5]/C
  -------------------------------------------------------------------    -------------------
    SLICE_X43Y53         FDCE (Prop_fdce_C_Q)         0.141     1.641 r  pwm_uut/d_reg_reg[5]/Q
                         net (fo=3, routed)           0.166     1.807    pwm_uut/d_reg_reg_n_0_[5]
    SLICE_X43Y54         LUT5 (Prop_lut5_I4_O)        0.045     1.852 r  pwm_uut/d_reg[6]_i_1/O
                         net (fo=1, routed)           0.000     1.852    pwm_uut/plusOp[6]
    SLICE_X43Y54         FDCE                                         r  pwm_uut/d_reg_reg[6]/D
  -------------------------------------------------------------------    -------------------

                         (clock sys_clk_pin rise edge)
                                                      0.000     0.000 r  
    K17                                               0.000     0.000 r  clk (IN)
                         net (fo=0)                   0.000     0.000    clk
    K17                  IBUF (Prop_ibuf_I_O)         0.447     0.447 r  clk_IBUF_inst/O
                         net (fo=1, routed)           0.683     1.130    clk_IBUF
    BUFGCTRL_X0Y16       BUFG (Prop_bufg_I_O)         0.029     1.159 r  clk_IBUF_BUFG_inst/O
                         net (fo=50, routed)          0.858     2.017    pwm_uut/clk_IBUF_BUFG
    SLICE_X43Y54         FDCE                                         r  pwm_uut/d_reg_reg[6]/C
                         clock pessimism             -0.501     1.516    
    SLICE_X43Y54         FDCE (Hold_fdce_C_D)         0.092     1.608    pwm_uut/d_reg_reg[6]
  -------------------------------------------------------------------
                         required time                         -1.608    
                         arrival time                           1.852    
  -------------------------------------------------------------------
                         slack                                  0.244    

Slack (MET) :             0.244ns  (arrival time - required time)
  Source:                 pwm_uut/d_reg_reg[5]/C
                            (rising edge-triggered cell FDCE clocked by sys_clk_pin  {rise@0.000ns fall@4.000ns period=8.000ns})
  Destination:            pwm_uut/d_reg_reg[7]/D
                            (rising edge-triggered cell FDCE clocked by sys_clk_pin  {rise@0.000ns fall@4.000ns period=8.000ns})
  Path Group:             sys_clk_pin
  Path Type:              Hold (Min at Fast Process Corner)
  Requirement:            0.000ns  (sys_clk_pin rise@0.000ns - sys_clk_pin rise@0.000ns)
  Data Path Delay:        0.351ns  (logic 0.186ns (52.997%)  route 0.165ns (47.003%))
  Logic Levels:           1  (LUT6=1)
  Clock Path Skew:        0.016ns (DCD - SCD - CPR)
    Destination Clock Delay (DCD):    2.017ns
    Source Clock Delay      (SCD):    1.500ns
    Clock Pessimism Removal (CPR):    0.501ns

    Location             Delay type                Incr(ns)  Path(ns)    Netlist Resource(s)
  -------------------------------------------------------------------    -------------------
                         (clock sys_clk_pin rise edge)
                                                      0.000     0.000 r  
    K17                                               0.000     0.000 r  clk (IN)
                         net (fo=0)                   0.000     0.000    clk
    K17                  IBUF (Prop_ibuf_I_O)         0.259     0.259 r  clk_IBUF_inst/O
                         net (fo=1, routed)           0.627     0.887    clk_IBUF
    BUFGCTRL_X0Y16       BUFG (Prop_bufg_I_O)         0.026     0.913 r  clk_IBUF_BUFG_inst/O
                         net (fo=50, routed)          0.588     1.500    pwm_uut/clk_IBUF_BUFG
    SLICE_X43Y53         FDCE                                         r  pwm_uut/d_reg_reg[5]/C
  -------------------------------------------------------------------    -------------------
    SLICE_X43Y53         FDCE (Prop_fdce_C_Q)         0.141     1.641 r  pwm_uut/d_reg_reg[5]/Q
                         net (fo=3, routed)           0.165     1.806    pwm_uut/d_reg_reg_n_0_[5]
    SLICE_X43Y54         LUT6 (Prop_lut6_I1_O)        0.045     1.851 r  pwm_uut/d_reg[7]_i_2/O
                         net (fo=1, routed)           0.000     1.851    pwm_uut/plusOp[7]
    SLICE_X43Y54         FDCE                                         r  pwm_uut/d_reg_reg[7]/D
  -------------------------------------------------------------------    -------------------

                         (clock sys_clk_pin rise edge)
                                                      0.000     0.000 r  
    K17                                               0.000     0.000 r  clk (IN)
                         net (fo=0)                   0.000     0.000    clk
    K17                  IBUF (Prop_ibuf_I_O)         0.447     0.447 r  clk_IBUF_inst/O
                         net (fo=1, routed)           0.683     1.130    clk_IBUF
    BUFGCTRL_X0Y16       BUFG (Prop_bufg_I_O)         0.029     1.159 r  clk_IBUF_BUFG_inst/O
                         net (fo=50, routed)          0.858     2.017    pwm_uut/clk_IBUF_BUFG
    SLICE_X43Y54         FDCE                                         r  pwm_uut/d_reg_reg[7]/C
                         clock pessimism             -0.501     1.516    
    SLICE_X43Y54         FDCE (Hold_fdce_C_D)         0.091     1.607    pwm_uut/d_reg_reg[7]
  -------------------------------------------------------------------
                         required time                         -1.607    
                         arrival time                           1.851    
  -------------------------------------------------------------------
                         slack                                  0.244    

Slack (MET) :             0.255ns  (arrival time - required time)
  Source:                 pwm_uut/d_reg_reg[2]/C
                            (rising edge-triggered cell FDCE clocked by sys_clk_pin  {rise@0.000ns fall@4.000ns period=8.000ns})
  Destination:            pwm_uut/d_reg_reg[2]/D
                            (rising edge-triggered cell FDCE clocked by sys_clk_pin  {rise@0.000ns fall@4.000ns period=8.000ns})
  Path Group:             sys_clk_pin
  Path Type:              Hold (Min at Fast Process Corner)
  Requirement:            0.000ns  (sys_clk_pin rise@0.000ns - sys_clk_pin rise@0.000ns)
  Data Path Delay:        0.357ns  (logic 0.192ns (53.787%)  route 0.165ns (46.213%))
  Logic Levels:           1  (LUT3=1)
  Clock Path Skew:        0.000ns (DCD - SCD - CPR)
    Destination Clock Delay (DCD):    2.017ns
    Source Clock Delay      (SCD):    1.500ns
    Clock Pessimism Removal (CPR):    0.517ns

    Location             Delay type                Incr(ns)  Path(ns)    Netlist Resource(s)
  -------------------------------------------------------------------    -------------------
                         (clock sys_clk_pin rise edge)
                                                      0.000     0.000 r  
    K17                                               0.000     0.000 r  clk (IN)
                         net (fo=0)                   0.000     0.000    clk
    K17                  IBUF (Prop_ibuf_I_O)         0.259     0.259 r  clk_IBUF_inst/O
                         net (fo=1, routed)           0.627     0.887    clk_IBUF
    BUFGCTRL_X0Y16       BUFG (Prop_bufg_I_O)         0.026     0.913 r  clk_IBUF_BUFG_inst/O
                         net (fo=50, routed)          0.588     1.500    pwm_uut/clk_IBUF_BUFG
    SLICE_X43Y53         FDCE                                         r  pwm_uut/d_reg_reg[2]/C
  -------------------------------------------------------------------    -------------------
    SLICE_X43Y53         FDCE (Prop_fdce_C_Q)         0.141     1.641 r  pwm_uut/d_reg_reg[2]/Q
                         net (fo=5, routed)           0.165     1.806    pwm_uut/d_reg_reg_n_0_[2]
    SLICE_X43Y53         LUT3 (Prop_lut3_I2_O)        0.051     1.857 r  pwm_uut/d_reg[2]_i_1/O
                         net (fo=1, routed)           0.000     1.857    pwm_uut/plusOp[2]
    SLICE_X43Y53         FDCE                                         r  pwm_uut/d_reg_reg[2]/D
  -------------------------------------------------------------------    -------------------

                         (clock sys_clk_pin rise edge)
                                                      0.000     0.000 r  
    K17                                               0.000     0.000 r  clk (IN)
                         net (fo=0)                   0.000     0.000    clk
    K17                  IBUF (Prop_ibuf_I_O)         0.447     0.447 r  clk_IBUF_inst/O
                         net (fo=1, routed)           0.683     1.130    clk_IBUF
    BUFGCTRL_X0Y16       BUFG (Prop_bufg_I_O)         0.029     1.159 r  clk_IBUF_BUFG_inst/O
                         net (fo=50, routed)          0.858     2.017    pwm_uut/clk_IBUF_BUFG
    SLICE_X43Y53         FDCE                                         r  pwm_uut/d_reg_reg[2]/C
                         clock pessimism             -0.517     1.500    
    SLICE_X43Y53         FDCE (Hold_fdce_C_D)         0.102     1.602    pwm_uut/d_reg_reg[2]
  -------------------------------------------------------------------
                         required time                         -1.602    
                         arrival time                           1.857    
  -------------------------------------------------------------------
                         slack                                  0.255    

Slack (MET) :             0.265ns  (arrival time - required time)
  Source:                 pwm_uut/q_reg_reg[10]/C
                            (rising edge-triggered cell FDCE clocked by sys_clk_pin  {rise@0.000ns fall@4.000ns period=8.000ns})
  Destination:            pwm_uut/q_reg_reg[10]/D
                            (rising edge-triggered cell FDCE clocked by sys_clk_pin  {rise@0.000ns fall@4.000ns period=8.000ns})
  Path Group:             sys_clk_pin
  Path Type:              Hold (Min at Fast Process Corner)
  Requirement:            0.000ns  (sys_clk_pin rise@0.000ns - sys_clk_pin rise@0.000ns)
  Data Path Delay:        0.399ns  (logic 0.274ns (68.589%)  route 0.125ns (31.411%))
  Logic Levels:           1  (CARRY4=1)
  Clock Path Skew:        0.000ns (DCD - SCD - CPR)
    Destination Clock Delay (DCD):    2.017ns
    Source Clock Delay      (SCD):    1.500ns
    Clock Pessimism Removal (CPR):    0.517ns

    Location             Delay type                Incr(ns)  Path(ns)    Netlist Resource(s)
  -------------------------------------------------------------------    -------------------
                         (clock sys_clk_pin rise edge)
                                                      0.000     0.000 r  
    K17                                               0.000     0.000 r  clk (IN)
                         net (fo=0)                   0.000     0.000    clk
    K17                  IBUF (Prop_ibuf_I_O)         0.259     0.259 r  clk_IBUF_inst/O
                         net (fo=1, routed)           0.627     0.887    clk_IBUF
    BUFGCTRL_X0Y16       BUFG (Prop_bufg_I_O)         0.026     0.913 r  clk_IBUF_BUFG_inst/O
                         net (fo=50, routed)          0.588     1.500    pwm_uut/clk_IBUF_BUFG
    SLICE_X42Y55         FDCE                                         r  pwm_uut/q_reg_reg[10]/C
  -------------------------------------------------------------------    -------------------
    SLICE_X42Y55         FDCE (Prop_fdce_C_Q)         0.164     1.664 r  pwm_uut/q_reg_reg[10]/Q
                         net (fo=2, routed)           0.125     1.790    pwm_uut/q_reg_reg[10]
    SLICE_X42Y55         CARRY4 (Prop_carry4_S[2]_O[2])
                                                      0.110     1.900 r  pwm_uut/q_reg_reg[8]_i_1/O[2]
                         net (fo=1, routed)           0.000     1.900    pwm_uut/q_reg_reg[8]_i_1_n_5
    SLICE_X42Y55         FDCE                                         r  pwm_uut/q_reg_reg[10]/D
  -------------------------------------------------------------------    -------------------

                         (clock sys_clk_pin rise edge)
                                                      0.000     0.000 r  
    K17                                               0.000     0.000 r  clk (IN)
                         net (fo=0)                   0.000     0.000    clk
    K17                  IBUF (Prop_ibuf_I_O)         0.447     0.447 r  clk_IBUF_inst/O
                         net (fo=1, routed)           0.683     1.130    clk_IBUF
    BUFGCTRL_X0Y16       BUFG (Prop_bufg_I_O)         0.029     1.159 r  clk_IBUF_BUFG_inst/O
                         net (fo=50, routed)          0.858     2.017    pwm_uut/clk_IBUF_BUFG
    SLICE_X42Y55         FDCE                                         r  pwm_uut/q_reg_reg[10]/C
                         clock pessimism             -0.517     1.500    
    SLICE_X42Y55         FDCE (Hold_fdce_C_D)         0.134     1.634    pwm_uut/q_reg_reg[10]
  -------------------------------------------------------------------
                         required time                         -1.634    
                         arrival time                           1.900    
  -------------------------------------------------------------------
                         slack                                  0.265    

Slack (MET) :             0.265ns  (arrival time - required time)
  Source:                 pwm_uut/q_reg_reg[14]/C
                            (rising edge-triggered cell FDCE clocked by sys_clk_pin  {rise@0.000ns fall@4.000ns period=8.000ns})
  Destination:            pwm_uut/q_reg_reg[14]/D
                            (rising edge-triggered cell FDCE clocked by sys_clk_pin  {rise@0.000ns fall@4.000ns period=8.000ns})
  Path Group:             sys_clk_pin
  Path Type:              Hold (Min at Fast Process Corner)
  Requirement:            0.000ns  (sys_clk_pin rise@0.000ns - sys_clk_pin rise@0.000ns)
  Data Path Delay:        0.399ns  (logic 0.274ns (68.589%)  route 0.125ns (31.411%))
  Logic Levels:           1  (CARRY4=1)
  Clock Path Skew:        0.000ns (DCD - SCD - CPR)
    Destination Clock Delay (DCD):    2.017ns
    Source Clock Delay      (SCD):    1.500ns
    Clock Pessimism Removal (CPR):    0.517ns

    Location             Delay type                Incr(ns)  Path(ns)    Netlist Resource(s)
  -------------------------------------------------------------------    -------------------
                         (clock sys_clk_pin rise edge)
                                                      0.000     0.000 r  
    K17                                               0.000     0.000 r  clk (IN)
                         net (fo=0)                   0.000     0.000    clk
    K17                  IBUF (Prop_ibuf_I_O)         0.259     0.259 r  clk_IBUF_inst/O
                         net (fo=1, routed)           0.627     0.887    clk_IBUF
    BUFGCTRL_X0Y16       BUFG (Prop_bufg_I_O)         0.026     0.913 r  clk_IBUF_BUFG_inst/O
                         net (fo=50, routed)          0.588     1.500    pwm_uut/clk_IBUF_BUFG
    SLICE_X42Y56         FDCE                                         r  pwm_uut/q_reg_reg[14]/C
  -------------------------------------------------------------------    -------------------
    SLICE_X42Y56         FDCE (Prop_fdce_C_Q)         0.164     1.664 r  pwm_uut/q_reg_reg[14]/Q
                         net (fo=2, routed)           0.125     1.790    pwm_uut/q_reg_reg[14]
    SLICE_X42Y56         CARRY4 (Prop_carry4_S[2]_O[2])
                                                      0.110     1.900 r  pwm_uut/q_reg_reg[12]_i_1/O[2]
                         net (fo=1, routed)           0.000     1.900    pwm_uut/q_reg_reg[12]_i_1_n_5
    SLICE_X42Y56         FDCE                                         r  pwm_uut/q_reg_reg[14]/D
  -------------------------------------------------------------------    -------------------

                         (clock sys_clk_pin rise edge)
                                                      0.000     0.000 r  
    K17                                               0.000     0.000 r  clk (IN)
                         net (fo=0)                   0.000     0.000    clk
    K17                  IBUF (Prop_ibuf_I_O)         0.447     0.447 r  clk_IBUF_inst/O
                         net (fo=1, routed)           0.683     1.130    clk_IBUF
    BUFGCTRL_X0Y16       BUFG (Prop_bufg_I_O)         0.029     1.159 r  clk_IBUF_BUFG_inst/O
                         net (fo=50, routed)          0.858     2.017    pwm_uut/clk_IBUF_BUFG
    SLICE_X42Y56         FDCE                                         r  pwm_uut/q_reg_reg[14]/C
                         clock pessimism             -0.517     1.500    
    SLICE_X42Y56         FDCE (Hold_fdce_C_D)         0.134     1.634    pwm_uut/q_reg_reg[14]
  -------------------------------------------------------------------
                         required time                         -1.634    
                         arrival time                           1.900    
  -------------------------------------------------------------------
                         slack                                  0.265    

Slack (MET) :             0.265ns  (arrival time - required time)
  Source:                 pwm_uut/q_reg_reg[18]/C
                            (rising edge-triggered cell FDCE clocked by sys_clk_pin  {rise@0.000ns fall@4.000ns period=8.000ns})
  Destination:            pwm_uut/q_reg_reg[18]/D
                            (rising edge-triggered cell FDCE clocked by sys_clk_pin  {rise@0.000ns fall@4.000ns period=8.000ns})
  Path Group:             sys_clk_pin
  Path Type:              Hold (Min at Fast Process Corner)
  Requirement:            0.000ns  (sys_clk_pin rise@0.000ns - sys_clk_pin rise@0.000ns)
  Data Path Delay:        0.399ns  (logic 0.274ns (68.589%)  route 0.125ns (31.411%))
  Logic Levels:           1  (CARRY4=1)
  Clock Path Skew:        0.000ns (DCD - SCD - CPR)
    Destination Clock Delay (DCD):    2.016ns
    Source Clock Delay      (SCD):    1.499ns
    Clock Pessimism Removal (CPR):    0.517ns

    Location             Delay type                Incr(ns)  Path(ns)    Netlist Resource(s)
  -------------------------------------------------------------------    -------------------
                         (clock sys_clk_pin rise edge)
                                                      0.000     0.000 r  
    K17                                               0.000     0.000 r  clk (IN)
                         net (fo=0)                   0.000     0.000    clk
    K17                  IBUF (Prop_ibuf_I_O)         0.259     0.259 r  clk_IBUF_inst/O
                         net (fo=1, routed)           0.627     0.887    clk_IBUF
    BUFGCTRL_X0Y16       BUFG (Prop_bufg_I_O)         0.026     0.913 r  clk_IBUF_BUFG_inst/O
                         net (fo=50, routed)          0.587     1.499    pwm_uut/clk_IBUF_BUFG
    SLICE_X42Y57         FDCE                                         r  pwm_uut/q_reg_reg[18]/C
  -------------------------------------------------------------------    -------------------
    SLICE_X42Y57         FDCE (Prop_fdce_C_Q)         0.164     1.663 r  pwm_uut/q_reg_reg[18]/Q
                         net (fo=2, routed)           0.125     1.789    pwm_uut/q_reg_reg[18]
    SLICE_X42Y57         CARRY4 (Prop_carry4_S[2]_O[2])
                                                      0.110     1.899 r  pwm_uut/q_reg_reg[16]_i_1/O[2]
                         net (fo=1, routed)           0.000     1.899    pwm_uut/q_reg_reg[16]_i_1_n_5
    SLICE_X42Y57         FDCE                                         r  pwm_uut/q_reg_reg[18]/D
  -------------------------------------------------------------------    -------------------

                         (clock sys_clk_pin rise edge)
                                                      0.000     0.000 r  
    K17                                               0.000     0.000 r  clk (IN)
                         net (fo=0)                   0.000     0.000    clk
    K17                  IBUF (Prop_ibuf_I_O)         0.447     0.447 r  clk_IBUF_inst/O
                         net (fo=1, routed)           0.683     1.130    clk_IBUF
    BUFGCTRL_X0Y16       BUFG (Prop_bufg_I_O)         0.029     1.159 r  clk_IBUF_BUFG_inst/O
                         net (fo=50, routed)          0.857     2.016    pwm_uut/clk_IBUF_BUFG
    SLICE_X42Y57         FDCE                                         r  pwm_uut/q_reg_reg[18]/C
                         clock pessimism             -0.517     1.499    
    SLICE_X42Y57         FDCE (Hold_fdce_C_D)         0.134     1.633    pwm_uut/q_reg_reg[18]
  -------------------------------------------------------------------
                         required time                         -1.633    
                         arrival time                           1.899    
  -------------------------------------------------------------------
                         slack                                  0.265    

Slack (MET) :             0.265ns  (arrival time - required time)
  Source:                 pwm_uut/q_reg_reg[22]/C
                            (rising edge-triggered cell FDCE clocked by sys_clk_pin  {rise@0.000ns fall@4.000ns period=8.000ns})
  Destination:            pwm_uut/q_reg_reg[22]/D
                            (rising edge-triggered cell FDCE clocked by sys_clk_pin  {rise@0.000ns fall@4.000ns period=8.000ns})
  Path Group:             sys_clk_pin
  Path Type:              Hold (Min at Fast Process Corner)
  Requirement:            0.000ns  (sys_clk_pin rise@0.000ns - sys_clk_pin rise@0.000ns)
  Data Path Delay:        0.399ns  (logic 0.274ns (68.589%)  route 0.125ns (31.411%))
  Logic Levels:           1  (CARRY4=1)
  Clock Path Skew:        0.000ns (DCD - SCD - CPR)
    Destination Clock Delay (DCD):    2.016ns
    Source Clock Delay      (SCD):    1.499ns
    Clock Pessimism Removal (CPR):    0.517ns

    Location             Delay type                Incr(ns)  Path(ns)    Netlist Resource(s)
  -------------------------------------------------------------------    -------------------
                         (clock sys_clk_pin rise edge)
                                                      0.000     0.000 r  
    K17                                               0.000     0.000 r  clk (IN)
                         net (fo=0)                   0.000     0.000    clk
    K17                  IBUF (Prop_ibuf_I_O)         0.259     0.259 r  clk_IBUF_inst/O
                         net (fo=1, routed)           0.627     0.887    clk_IBUF
    BUFGCTRL_X0Y16       BUFG (Prop_bufg_I_O)         0.026     0.913 r  clk_IBUF_BUFG_inst/O
                         net (fo=50, routed)          0.587     1.499    pwm_uut/clk_IBUF_BUFG
    SLICE_X42Y58         FDCE                                         r  pwm_uut/q_reg_reg[22]/C
  -------------------------------------------------------------------    -------------------
    SLICE_X42Y58         FDCE (Prop_fdce_C_Q)         0.164     1.663 r  pwm_uut/q_reg_reg[22]/Q
                         net (fo=2, routed)           0.125     1.789    pwm_uut/q_reg_reg[22]
    SLICE_X42Y58         CARRY4 (Prop_carry4_S[2]_O[2])
                                                      0.110     1.899 r  pwm_uut/q_reg_reg[20]_i_1/O[2]
                         net (fo=1, routed)           0.000     1.899    pwm_uut/q_reg_reg[20]_i_1_n_5
    SLICE_X42Y58         FDCE                                         r  pwm_uut/q_reg_reg[22]/D
  -------------------------------------------------------------------    -------------------

                         (clock sys_clk_pin rise edge)
                                                      0.000     0.000 r  
    K17                                               0.000     0.000 r  clk (IN)
                         net (fo=0)                   0.000     0.000    clk
    K17                  IBUF (Prop_ibuf_I_O)         0.447     0.447 r  clk_IBUF_inst/O
                         net (fo=1, routed)           0.683     1.130    clk_IBUF
    BUFGCTRL_X0Y16       BUFG (Prop_bufg_I_O)         0.029     1.159 r  clk_IBUF_BUFG_inst/O
                         net (fo=50, routed)          0.857     2.016    pwm_uut/clk_IBUF_BUFG
    SLICE_X42Y58         FDCE                                         r  pwm_uut/q_reg_reg[22]/C
                         clock pessimism             -0.517     1.499    
    SLICE_X42Y58         FDCE (Hold_fdce_C_D)         0.134     1.633    pwm_uut/q_reg_reg[22]
  -------------------------------------------------------------------
                         required time                         -1.633    
                         arrival time                           1.899    
  -------------------------------------------------------------------
                         slack                                  0.265    





Pulse Width Checks
--------------------------------------------------------------------------------------
Clock Name:         sys_clk_pin
Waveform(ns):       { 0.000 4.000 }
Period(ns):         8.000
Sources:            { clk }

Check Type        Corner  Lib Pin  Reference Pin  Required(ns)  Actual(ns)  Slack(ns)  Location        Pin
Min Period        n/a     BUFG/I   n/a            2.155         8.000       5.845      BUFGCTRL_X0Y16  clk_IBUF_BUFG_inst/I
Min Period        n/a     FDCE/C   n/a            1.000         8.000       7.000      SLICE_X43Y52    duty_reg_reg[6]/C
Min Period        n/a     FDPE/C   n/a            1.000         8.000       7.000      SLICE_X42Y51    ADC_uut/FSM_onehot_current_state_reg[0]/C
Min Period        n/a     FDCE/C   n/a            1.000         8.000       7.000      SLICE_X42Y51    ADC_uut/FSM_onehot_current_state_reg[1]/C
Min Period        n/a     FDCE/C   n/a            1.000         8.000       7.000      SLICE_X42Y51    ADC_uut/FSM_onehot_current_state_reg[2]/C
Min Period        n/a     FDCE/C   n/a            1.000         8.000       7.000      SLICE_X43Y50    ADC_uut/PD_SCK_reg/C
Min Period        n/a     FDCE/C   n/a            1.000         8.000       7.000      SLICE_X42Y50    ADC_uut/delayCount_reg[0]/C
Min Period        n/a     FDCE/C   n/a            1.000         8.000       7.000      SLICE_X42Y50    ADC_uut/delayCount_reg[1]/C
Min Period        n/a     FDCE/C   n/a            1.000         8.000       7.000      SLICE_X42Y50    ADC_uut/delayCount_reg[2]/C
Min Period        n/a     FDCE/C   n/a            1.000         8.000       7.000      SLICE_X42Y50    ADC_uut/delayCount_reg[3]/C
Low Pulse Width   Slow    FDCE/C   n/a            0.500         4.000       3.500      SLICE_X43Y52    duty_reg_reg[6]/C
Low Pulse Width   Fast    FDCE/C   n/a            0.500         4.000       3.500      SLICE_X43Y52    duty_reg_reg[6]/C
Low Pulse Width   Slow    FDPE/C   n/a            0.500         4.000       3.500      SLICE_X42Y51    ADC_uut/FSM_onehot_current_state_reg[0]/C
Low Pulse Width   Fast    FDPE/C   n/a            0.500         4.000       3.500      SLICE_X42Y51    ADC_uut/FSM_onehot_current_state_reg[0]/C
Low Pulse Width   Slow    FDCE/C   n/a            0.500         4.000       3.500      SLICE_X42Y51    ADC_uut/FSM_onehot_current_state_reg[1]/C
Low Pulse Width   Fast    FDCE/C   n/a            0.500         4.000       3.500      SLICE_X42Y51    ADC_uut/FSM_onehot_current_state_reg[1]/C
Low Pulse Width   Slow    FDCE/C   n/a            0.500         4.000       3.500      SLICE_X42Y51    ADC_uut/FSM_onehot_current_state_reg[2]/C
Low Pulse Width   Fast    FDCE/C   n/a            0.500         4.000       3.500      SLICE_X42Y51    ADC_uut/FSM_onehot_current_state_reg[2]/C
Low Pulse Width   Slow    FDCE/C   n/a            0.500         4.000       3.500      SLICE_X43Y50    ADC_uut/PD_SCK_reg/C
Low Pulse Width   Fast    FDCE/C   n/a            0.500         4.000       3.500      SLICE_X43Y50    ADC_uut/PD_SCK_reg/C
High Pulse Width  Slow    FDCE/C   n/a            0.500         4.000       3.500      SLICE_X43Y52    duty_reg_reg[6]/C
High Pulse Width  Fast    FDCE/C   n/a            0.500         4.000       3.500      SLICE_X43Y52    duty_reg_reg[6]/C
High Pulse Width  Slow    FDPE/C   n/a            0.500         4.000       3.500      SLICE_X42Y51    ADC_uut/FSM_onehot_current_state_reg[0]/C
High Pulse Width  Fast    FDPE/C   n/a            0.500         4.000       3.500      SLICE_X42Y51    ADC_uut/FSM_onehot_current_state_reg[0]/C
High Pulse Width  Slow    FDCE/C   n/a            0.500         4.000       3.500      SLICE_X42Y51    ADC_uut/FSM_onehot_current_state_reg[1]/C
High Pulse Width  Fast    FDCE/C   n/a            0.500         4.000       3.500      SLICE_X42Y51    ADC_uut/FSM_onehot_current_state_reg[1]/C
High Pulse Width  Slow    FDCE/C   n/a            0.500         4.000       3.500      SLICE_X42Y51    ADC_uut/FSM_onehot_current_state_reg[2]/C
High Pulse Width  Fast    FDCE/C   n/a            0.500         4.000       3.500      SLICE_X42Y51    ADC_uut/FSM_onehot_current_state_reg[2]/C
High Pulse Width  Slow    FDCE/C   n/a            0.500         4.000       3.500      SLICE_X43Y50    ADC_uut/PD_SCK_reg/C
High Pulse Width  Fast    FDCE/C   n/a            0.500         4.000       3.500      SLICE_X43Y50    ADC_uut/PD_SCK_reg/C



--------------------------------------------------------------------------------------
Path Group:  (none)
From Clock:  sys_clk_pin
  To Clock:  

Max Delay             2 Endpoints
Min Delay             2 Endpoints
--------------------------------------------------------------------------------------


Max Delay Paths
--------------------------------------------------------------------------------------
Slack:                    inf
  Source:                 pwm_uut/pwm_reg_reg/C
                            (rising edge-triggered cell FDCE clocked by sys_clk_pin  {rise@0.000ns fall@4.000ns period=8.000ns})
  Destination:            pwm1
                            (output port)
  Path Group:             (none)
  Path Type:              Max at Slow Process Corner
  Data Path Delay:        5.963ns  (logic 4.043ns (67.805%)  route 1.920ns (32.195%))
  Logic Levels:           1  (OBUF=1)
  Clock Uncertainty:      0.025ns  ((TSJ^2 + TIJ^2)^1/2 + DJ) / 2 + PE
    Total System Jitter     (TSJ):    0.050ns
    Total Input Jitter      (TIJ):    0.000ns
    Discrete Jitter          (DJ):    0.000ns
    Phase Error              (PE):    0.000ns

    Location             Delay type                Incr(ns)  Path(ns)    Netlist Resource(s)
  -------------------------------------------------------------------    -------------------
                         (clock sys_clk_pin rise edge)
                                                      0.000     0.000 r  
    K17                                               0.000     0.000 r  clk (IN)
                         net (fo=0)                   0.000     0.000    clk
    K17                  IBUF (Prop_ibuf_I_O)         1.492     1.492 r  clk_IBUF_inst/O
                         net (fo=1, routed)           2.076     3.568    clk_IBUF
    BUFGCTRL_X0Y16       BUFG (Prop_bufg_I_O)         0.101     3.669 r  clk_IBUF_BUFG_inst/O
                         net (fo=50, routed)          1.741     5.410    pwm_uut/clk_IBUF_BUFG
    SLICE_X43Y52         FDCE                                         r  pwm_uut/pwm_reg_reg/C
  -------------------------------------------------------------------    -------------------
    SLICE_X43Y52         FDCE (Prop_fdce_C_Q)         0.456     5.866 r  pwm_uut/pwm_reg_reg/Q
                         net (fo=1, routed)           1.920     7.786    pwm1_OBUF
    V12                  OBUF (Prop_obuf_I_O)         3.587    11.373 r  pwm1_OBUF_inst/O
                         net (fo=0)                   0.000    11.373    pwm1
    V12                                                               r  pwm1 (OUT)
  -------------------------------------------------------------------    -------------------

Slack:                    inf
  Source:                 ADC_uut/PD_SCK_reg/C
                            (rising edge-triggered cell FDCE clocked by sys_clk_pin  {rise@0.000ns fall@4.000ns period=8.000ns})
  Destination:            PD_SCK
                            (output port)
  Path Group:             (none)
  Path Type:              Max at Slow Process Corner
  Data Path Delay:        5.913ns  (logic 4.030ns (68.150%)  route 1.883ns (31.850%))
  Logic Levels:           1  (OBUF=1)
  Clock Uncertainty:      0.025ns  ((TSJ^2 + TIJ^2)^1/2 + DJ) / 2 + PE
    Total System Jitter     (TSJ):    0.050ns
    Total Input Jitter      (TIJ):    0.000ns
    Discrete Jitter          (DJ):    0.000ns
    Phase Error              (PE):    0.000ns

    Location             Delay type                Incr(ns)  Path(ns)    Netlist Resource(s)
  -------------------------------------------------------------------    -------------------
                         (clock sys_clk_pin rise edge)
                                                      0.000     0.000 r  
    K17                                               0.000     0.000 r  clk (IN)
                         net (fo=0)                   0.000     0.000    clk
    K17                  IBUF (Prop_ibuf_I_O)         1.492     1.492 r  clk_IBUF_inst/O
                         net (fo=1, routed)           2.076     3.568    clk_IBUF
    BUFGCTRL_X0Y16       BUFG (Prop_bufg_I_O)         0.101     3.669 r  clk_IBUF_BUFG_inst/O
                         net (fo=50, routed)          1.741     5.410    ADC_uut/clk_IBUF_BUFG
    SLICE_X43Y50         FDCE                                         r  ADC_uut/PD_SCK_reg/C
  -------------------------------------------------------------------    -------------------
    SLICE_X43Y50         FDCE (Prop_fdce_C_Q)         0.456     5.866 r  ADC_uut/PD_SCK_reg/Q
                         net (fo=1, routed)           1.883     7.749    PD_SCK_OBUF
    V13                  OBUF (Prop_obuf_I_O)         3.574    11.323 r  PD_SCK_OBUF_inst/O
                         net (fo=0)                   0.000    11.323    PD_SCK
    V13                                                               r  PD_SCK (OUT)
  -------------------------------------------------------------------    -------------------





Min Delay Paths
--------------------------------------------------------------------------------------
Slack:                    inf
  Source:                 ADC_uut/PD_SCK_reg/C
                            (rising edge-triggered cell FDCE clocked by sys_clk_pin  {rise@0.000ns fall@4.000ns period=8.000ns})
  Destination:            PD_SCK
                            (output port)
  Path Group:             (none)
  Path Type:              Min at Fast Process Corner
  Data Path Delay:        1.831ns  (logic 1.415ns (77.311%)  route 0.415ns (22.689%))
  Logic Levels:           1  (OBUF=1)
  Clock Uncertainty:      0.025ns  ((TSJ^2 + TIJ^2)^1/2 + DJ) / 2 + PE
    Total System Jitter     (TSJ):    0.050ns
    Total Input Jitter      (TIJ):    0.000ns
    Discrete Jitter          (DJ):    0.000ns
    Phase Error              (PE):    0.000ns

    Location             Delay type                Incr(ns)  Path(ns)    Netlist Resource(s)
  -------------------------------------------------------------------    -------------------
                         (clock sys_clk_pin rise edge)
                                                      0.000     0.000 r  
    K17                                               0.000     0.000 r  clk (IN)
                         net (fo=0)                   0.000     0.000    clk
    K17                  IBUF (Prop_ibuf_I_O)         0.259     0.259 r  clk_IBUF_inst/O
                         net (fo=1, routed)           0.627     0.887    clk_IBUF
    BUFGCTRL_X0Y16       BUFG (Prop_bufg_I_O)         0.026     0.913 r  clk_IBUF_BUFG_inst/O
                         net (fo=50, routed)          0.589     1.501    ADC_uut/clk_IBUF_BUFG
    SLICE_X43Y50         FDCE                                         r  ADC_uut/PD_SCK_reg/C
  -------------------------------------------------------------------    -------------------
    SLICE_X43Y50         FDCE (Prop_fdce_C_Q)         0.141     1.642 r  ADC_uut/PD_SCK_reg/Q
                         net (fo=1, routed)           0.415     2.058    PD_SCK_OBUF
    V13                  OBUF (Prop_obuf_I_O)         1.274     3.332 r  PD_SCK_OBUF_inst/O
                         net (fo=0)                   0.000     3.332    PD_SCK
    V13                                                               r  PD_SCK (OUT)
  -------------------------------------------------------------------    -------------------

Slack:                    inf
  Source:                 pwm_uut/pwm_reg_reg/C
                            (rising edge-triggered cell FDCE clocked by sys_clk_pin  {rise@0.000ns fall@4.000ns period=8.000ns})
  Destination:            pwm1
                            (output port)
  Path Group:             (none)
  Path Type:              Min at Fast Process Corner
  Data Path Delay:        1.872ns  (logic 1.429ns (76.336%)  route 0.443ns (23.664%))
  Logic Levels:           1  (OBUF=1)
  Clock Uncertainty:      0.025ns  ((TSJ^2 + TIJ^2)^1/2 + DJ) / 2 + PE
    Total System Jitter     (TSJ):    0.050ns
    Total Input Jitter      (TIJ):    0.000ns
    Discrete Jitter          (DJ):    0.000ns
    Phase Error              (PE):    0.000ns

    Location             Delay type                Incr(ns)  Path(ns)    Netlist Resource(s)
  -------------------------------------------------------------------    -------------------
                         (clock sys_clk_pin rise edge)
                                                      0.000     0.000 r  
    K17                                               0.000     0.000 r  clk (IN)
                         net (fo=0)                   0.000     0.000    clk
    K17                  IBUF (Prop_ibuf_I_O)         0.259     0.259 r  clk_IBUF_inst/O
                         net (fo=1, routed)           0.627     0.887    clk_IBUF
    BUFGCTRL_X0Y16       BUFG (Prop_bufg_I_O)         0.026     0.913 r  clk_IBUF_BUFG_inst/O
                         net (fo=50, routed)          0.589     1.501    pwm_uut/clk_IBUF_BUFG
    SLICE_X43Y52         FDCE                                         r  pwm_uut/pwm_reg_reg/C
  -------------------------------------------------------------------    -------------------
    SLICE_X43Y52         FDCE (Prop_fdce_C_Q)         0.141     1.642 r  pwm_uut/pwm_reg_reg/Q
                         net (fo=1, routed)           0.443     2.085    pwm1_OBUF
    V12                  OBUF (Prop_obuf_I_O)         1.288     3.373 r  pwm1_OBUF_inst/O
                         net (fo=0)                   0.000     3.373    pwm1
    V12                                                               r  pwm1 (OUT)
  -------------------------------------------------------------------    -------------------





--------------------------------------------------------------------------------------
Path Group:  (none)
From Clock:  
  To Clock:  sys_clk_pin

Max Delay            50 Endpoints
Min Delay            50 Endpoints
--------------------------------------------------------------------------------------


Max Delay Paths
--------------------------------------------------------------------------------------
Slack:                    inf
  Source:                 rst
                            (input port)
  Destination:            ADC_uut/PD_SCK_reg/CLR
                            (recovery check against rising-edge clock sys_clk_pin  {rise@0.000ns fall@4.000ns period=8.000ns})
  Path Group:             (none)
  Path Type:              Recovery (Max at Slow Process Corner)
  Data Path Delay:        4.521ns  (logic 1.489ns (32.931%)  route 3.032ns (67.069%))
  Logic Levels:           1  (IBUF=1)
  Clock Path Skew:        4.956ns (DCD - SCD + CPR)
    Destination Clock Delay (DCD):    4.956ns
    Source Clock Delay      (SCD):    0.000ns
    Clock Pessimism Removal (CPR):    0.000ns
  Clock Uncertainty:      0.025ns  ((TSJ^2 + TIJ^2)^1/2 + DJ) / 2 + PE
    Total System Jitter     (TSJ):    0.050ns
    Total Input Jitter      (TIJ):    0.000ns
    Discrete Jitter          (DJ):    0.000ns
    Phase Error              (PE):    0.000ns

    Location             Delay type                Incr(ns)  Path(ns)    Netlist Resource(s)
  -------------------------------------------------------------------    -------------------
    K18                                               0.000     0.000 f  rst (IN)
                         net (fo=0)                   0.000     0.000    rst
    K18                  IBUF (Prop_ibuf_I_O)         1.489     1.489 f  rst_IBUF_inst/O
                         net (fo=50, routed)          3.032     4.521    ADC_uut/rst_IBUF
    SLICE_X43Y50         FDCE                                         f  ADC_uut/PD_SCK_reg/CLR
  -------------------------------------------------------------------    -------------------

                         (clock sys_clk_pin rise edge)
                                                      0.000     0.000 r  
    K17                                               0.000     0.000 r  clk (IN)
                         net (fo=0)                   0.000     0.000    clk
    K17                  IBUF (Prop_ibuf_I_O)         1.421     1.421 r  clk_IBUF_inst/O
                         net (fo=1, routed)           1.880     3.301    clk_IBUF
    BUFGCTRL_X0Y16       BUFG (Prop_bufg_I_O)         0.091     3.392 r  clk_IBUF_BUFG_inst/O
                         net (fo=50, routed)          1.564     4.956    ADC_uut/clk_IBUF_BUFG
    SLICE_X43Y50         FDCE                                         r  ADC_uut/PD_SCK_reg/C

Slack:                    inf
  Source:                 rst
                            (input port)
  Destination:            ADC_uut/delayCount_reg[0]/CLR
                            (recovery check against rising-edge clock sys_clk_pin  {rise@0.000ns fall@4.000ns period=8.000ns})
  Path Group:             (none)
  Path Type:              Recovery (Max at Slow Process Corner)
  Data Path Delay:        4.521ns  (logic 1.489ns (32.931%)  route 3.032ns (67.069%))
  Logic Levels:           1  (IBUF=1)
  Clock Path Skew:        4.956ns (DCD - SCD + CPR)
    Destination Clock Delay (DCD):    4.956ns
    Source Clock Delay      (SCD):    0.000ns
    Clock Pessimism Removal (CPR):    0.000ns
  Clock Uncertainty:      0.025ns  ((TSJ^2 + TIJ^2)^1/2 + DJ) / 2 + PE
    Total System Jitter     (TSJ):    0.050ns
    Total Input Jitter      (TIJ):    0.000ns
    Discrete Jitter          (DJ):    0.000ns
    Phase Error              (PE):    0.000ns

    Location             Delay type                Incr(ns)  Path(ns)    Netlist Resource(s)
  -------------------------------------------------------------------    -------------------
    K18                                               0.000     0.000 f  rst (IN)
                         net (fo=0)                   0.000     0.000    rst
    K18                  IBUF (Prop_ibuf_I_O)         1.489     1.489 f  rst_IBUF_inst/O
                         net (fo=50, routed)          3.032     4.521    ADC_uut/rst_IBUF
    SLICE_X42Y50         FDCE                                         f  ADC_uut/delayCount_reg[0]/CLR
  -------------------------------------------------------------------    -------------------

                         (clock sys_clk_pin rise edge)
                                                      0.000     0.000 r  
    K17                                               0.000     0.000 r  clk (IN)
                         net (fo=0)                   0.000     0.000    clk
    K17                  IBUF (Prop_ibuf_I_O)         1.421     1.421 r  clk_IBUF_inst/O
                         net (fo=1, routed)           1.880     3.301    clk_IBUF
    BUFGCTRL_X0Y16       BUFG (Prop_bufg_I_O)         0.091     3.392 r  clk_IBUF_BUFG_inst/O
                         net (fo=50, routed)          1.564     4.956    ADC_uut/clk_IBUF_BUFG
    SLICE_X42Y50         FDCE                                         r  ADC_uut/delayCount_reg[0]/C

Slack:                    inf
  Source:                 rst
                            (input port)
  Destination:            ADC_uut/delayCount_reg[1]/CLR
                            (recovery check against rising-edge clock sys_clk_pin  {rise@0.000ns fall@4.000ns period=8.000ns})
  Path Group:             (none)
  Path Type:              Recovery (Max at Slow Process Corner)
  Data Path Delay:        4.521ns  (logic 1.489ns (32.931%)  route 3.032ns (67.069%))
  Logic Levels:           1  (IBUF=1)
  Clock Path Skew:        4.956ns (DCD - SCD + CPR)
    Destination Clock Delay (DCD):    4.956ns
    Source Clock Delay      (SCD):    0.000ns
    Clock Pessimism Removal (CPR):    0.000ns
  Clock Uncertainty:      0.025ns  ((TSJ^2 + TIJ^2)^1/2 + DJ) / 2 + PE
    Total System Jitter     (TSJ):    0.050ns
    Total Input Jitter      (TIJ):    0.000ns
    Discrete Jitter          (DJ):    0.000ns
    Phase Error              (PE):    0.000ns

    Location             Delay type                Incr(ns)  Path(ns)    Netlist Resource(s)
  -------------------------------------------------------------------    -------------------
    K18                                               0.000     0.000 f  rst (IN)
                         net (fo=0)                   0.000     0.000    rst
    K18                  IBUF (Prop_ibuf_I_O)         1.489     1.489 f  rst_IBUF_inst/O
                         net (fo=50, routed)          3.032     4.521    ADC_uut/rst_IBUF
    SLICE_X42Y50         FDCE                                         f  ADC_uut/delayCount_reg[1]/CLR
  -------------------------------------------------------------------    -------------------

                         (clock sys_clk_pin rise edge)
                                                      0.000     0.000 r  
    K17                                               0.000     0.000 r  clk (IN)
                         net (fo=0)                   0.000     0.000    clk
    K17                  IBUF (Prop_ibuf_I_O)         1.421     1.421 r  clk_IBUF_inst/O
                         net (fo=1, routed)           1.880     3.301    clk_IBUF
    BUFGCTRL_X0Y16       BUFG (Prop_bufg_I_O)         0.091     3.392 r  clk_IBUF_BUFG_inst/O
                         net (fo=50, routed)          1.564     4.956    ADC_uut/clk_IBUF_BUFG
    SLICE_X42Y50         FDCE                                         r  ADC_uut/delayCount_reg[1]/C

Slack:                    inf
  Source:                 rst
                            (input port)
  Destination:            ADC_uut/delayCount_reg[2]/CLR
                            (recovery check against rising-edge clock sys_clk_pin  {rise@0.000ns fall@4.000ns period=8.000ns})
  Path Group:             (none)
  Path Type:              Recovery (Max at Slow Process Corner)
  Data Path Delay:        4.521ns  (logic 1.489ns (32.931%)  route 3.032ns (67.069%))
  Logic Levels:           1  (IBUF=1)
  Clock Path Skew:        4.956ns (DCD - SCD + CPR)
    Destination Clock Delay (DCD):    4.956ns
    Source Clock Delay      (SCD):    0.000ns
    Clock Pessimism Removal (CPR):    0.000ns
  Clock Uncertainty:      0.025ns  ((TSJ^2 + TIJ^2)^1/2 + DJ) / 2 + PE
    Total System Jitter     (TSJ):    0.050ns
    Total Input Jitter      (TIJ):    0.000ns
    Discrete Jitter          (DJ):    0.000ns
    Phase Error              (PE):    0.000ns

    Location             Delay type                Incr(ns)  Path(ns)    Netlist Resource(s)
  -------------------------------------------------------------------    -------------------
    K18                                               0.000     0.000 f  rst (IN)
                         net (fo=0)                   0.000     0.000    rst
    K18                  IBUF (Prop_ibuf_I_O)         1.489     1.489 f  rst_IBUF_inst/O
                         net (fo=50, routed)          3.032     4.521    ADC_uut/rst_IBUF
    SLICE_X42Y50         FDCE                                         f  ADC_uut/delayCount_reg[2]/CLR
  -------------------------------------------------------------------    -------------------

                         (clock sys_clk_pin rise edge)
                                                      0.000     0.000 r  
    K17                                               0.000     0.000 r  clk (IN)
                         net (fo=0)                   0.000     0.000    clk
    K17                  IBUF (Prop_ibuf_I_O)         1.421     1.421 r  clk_IBUF_inst/O
                         net (fo=1, routed)           1.880     3.301    clk_IBUF
    BUFGCTRL_X0Y16       BUFG (Prop_bufg_I_O)         0.091     3.392 r  clk_IBUF_BUFG_inst/O
                         net (fo=50, routed)          1.564     4.956    ADC_uut/clk_IBUF_BUFG
    SLICE_X42Y50         FDCE                                         r  ADC_uut/delayCount_reg[2]/C

Slack:                    inf
  Source:                 rst
                            (input port)
  Destination:            ADC_uut/delayCount_reg[3]/CLR
                            (recovery check against rising-edge clock sys_clk_pin  {rise@0.000ns fall@4.000ns period=8.000ns})
  Path Group:             (none)
  Path Type:              Recovery (Max at Slow Process Corner)
  Data Path Delay:        4.521ns  (logic 1.489ns (32.931%)  route 3.032ns (67.069%))
  Logic Levels:           1  (IBUF=1)
  Clock Path Skew:        4.956ns (DCD - SCD + CPR)
    Destination Clock Delay (DCD):    4.956ns
    Source Clock Delay      (SCD):    0.000ns
    Clock Pessimism Removal (CPR):    0.000ns
  Clock Uncertainty:      0.025ns  ((TSJ^2 + TIJ^2)^1/2 + DJ) / 2 + PE
    Total System Jitter     (TSJ):    0.050ns
    Total Input Jitter      (TIJ):    0.000ns
    Discrete Jitter          (DJ):    0.000ns
    Phase Error              (PE):    0.000ns

    Location             Delay type                Incr(ns)  Path(ns)    Netlist Resource(s)
  -------------------------------------------------------------------    -------------------
    K18                                               0.000     0.000 f  rst (IN)
                         net (fo=0)                   0.000     0.000    rst
    K18                  IBUF (Prop_ibuf_I_O)         1.489     1.489 f  rst_IBUF_inst/O
                         net (fo=50, routed)          3.032     4.521    ADC_uut/rst_IBUF
    SLICE_X42Y50         FDCE                                         f  ADC_uut/delayCount_reg[3]/CLR
  -------------------------------------------------------------------    -------------------

                         (clock sys_clk_pin rise edge)
                                                      0.000     0.000 r  
    K17                                               0.000     0.000 r  clk (IN)
                         net (fo=0)                   0.000     0.000    clk
    K17                  IBUF (Prop_ibuf_I_O)         1.421     1.421 r  clk_IBUF_inst/O
                         net (fo=1, routed)           1.880     3.301    clk_IBUF
    BUFGCTRL_X0Y16       BUFG (Prop_bufg_I_O)         0.091     3.392 r  clk_IBUF_BUFG_inst/O
                         net (fo=50, routed)          1.564     4.956    ADC_uut/clk_IBUF_BUFG
    SLICE_X42Y50         FDCE                                         r  ADC_uut/delayCount_reg[3]/C

Slack:                    inf
  Source:                 rst
                            (input port)
  Destination:            ADC_uut/FSM_onehot_current_state_reg[0]/PRE
                            (recovery check against rising-edge clock sys_clk_pin  {rise@0.000ns fall@4.000ns period=8.000ns})
  Path Group:             (none)
  Path Type:              Recovery (Max at Slow Process Corner)
  Data Path Delay:        4.373ns  (logic 1.489ns (34.048%)  route 2.884ns (65.952%))
  Logic Levels:           1  (IBUF=1)
  Clock Path Skew:        4.956ns (DCD - SCD + CPR)
    Destination Clock Delay (DCD):    4.956ns
    Source Clock Delay      (SCD):    0.000ns
    Clock Pessimism Removal (CPR):    0.000ns
  Clock Uncertainty:      0.025ns  ((TSJ^2 + TIJ^2)^1/2 + DJ) / 2 + PE
    Total System Jitter     (TSJ):    0.050ns
    Total Input Jitter      (TIJ):    0.000ns
    Discrete Jitter          (DJ):    0.000ns
    Phase Error              (PE):    0.000ns

    Location             Delay type                Incr(ns)  Path(ns)    Netlist Resource(s)
  -------------------------------------------------------------------    -------------------
    K18                                               0.000     0.000 f  rst (IN)
                         net (fo=0)                   0.000     0.000    rst
    K18                  IBUF (Prop_ibuf_I_O)         1.489     1.489 f  rst_IBUF_inst/O
                         net (fo=50, routed)          2.884     4.373    ADC_uut/rst_IBUF
    SLICE_X42Y51         FDPE                                         f  ADC_uut/FSM_onehot_current_state_reg[0]/PRE
  -------------------------------------------------------------------    -------------------

                         (clock sys_clk_pin rise edge)
                                                      0.000     0.000 r  
    K17                                               0.000     0.000 r  clk (IN)
                         net (fo=0)                   0.000     0.000    clk
    K17                  IBUF (Prop_ibuf_I_O)         1.421     1.421 r  clk_IBUF_inst/O
                         net (fo=1, routed)           1.880     3.301    clk_IBUF
    BUFGCTRL_X0Y16       BUFG (Prop_bufg_I_O)         0.091     3.392 r  clk_IBUF_BUFG_inst/O
                         net (fo=50, routed)          1.564     4.956    ADC_uut/clk_IBUF_BUFG
    SLICE_X42Y51         FDPE                                         r  ADC_uut/FSM_onehot_current_state_reg[0]/C

Slack:                    inf
  Source:                 rst
                            (input port)
  Destination:            ADC_uut/FSM_onehot_current_state_reg[1]/CLR
                            (recovery check against rising-edge clock sys_clk_pin  {rise@0.000ns fall@4.000ns period=8.000ns})
  Path Group:             (none)
  Path Type:              Recovery (Max at Slow Process Corner)
  Data Path Delay:        4.373ns  (logic 1.489ns (34.048%)  route 2.884ns (65.952%))
  Logic Levels:           1  (IBUF=1)
  Clock Path Skew:        4.956ns (DCD - SCD + CPR)
    Destination Clock Delay (DCD):    4.956ns
    Source Clock Delay      (SCD):    0.000ns
    Clock Pessimism Removal (CPR):    0.000ns
  Clock Uncertainty:      0.025ns  ((TSJ^2 + TIJ^2)^1/2 + DJ) / 2 + PE
    Total System Jitter     (TSJ):    0.050ns
    Total Input Jitter      (TIJ):    0.000ns
    Discrete Jitter          (DJ):    0.000ns
    Phase Error              (PE):    0.000ns

    Location             Delay type                Incr(ns)  Path(ns)    Netlist Resource(s)
  -------------------------------------------------------------------    -------------------
    K18                                               0.000     0.000 f  rst (IN)
                         net (fo=0)                   0.000     0.000    rst
    K18                  IBUF (Prop_ibuf_I_O)         1.489     1.489 f  rst_IBUF_inst/O
                         net (fo=50, routed)          2.884     4.373    ADC_uut/rst_IBUF
    SLICE_X42Y51         FDCE                                         f  ADC_uut/FSM_onehot_current_state_reg[1]/CLR
  -------------------------------------------------------------------    -------------------

                         (clock sys_clk_pin rise edge)
                                                      0.000     0.000 r  
    K17                                               0.000     0.000 r  clk (IN)
                         net (fo=0)                   0.000     0.000    clk
    K17                  IBUF (Prop_ibuf_I_O)         1.421     1.421 r  clk_IBUF_inst/O
                         net (fo=1, routed)           1.880     3.301    clk_IBUF
    BUFGCTRL_X0Y16       BUFG (Prop_bufg_I_O)         0.091     3.392 r  clk_IBUF_BUFG_inst/O
                         net (fo=50, routed)          1.564     4.956    ADC_uut/clk_IBUF_BUFG
    SLICE_X42Y51         FDCE                                         r  ADC_uut/FSM_onehot_current_state_reg[1]/C

Slack:                    inf
  Source:                 rst
                            (input port)
  Destination:            ADC_uut/FSM_onehot_current_state_reg[2]/CLR
                            (recovery check against rising-edge clock sys_clk_pin  {rise@0.000ns fall@4.000ns period=8.000ns})
  Path Group:             (none)
  Path Type:              Recovery (Max at Slow Process Corner)
  Data Path Delay:        4.373ns  (logic 1.489ns (34.048%)  route 2.884ns (65.952%))
  Logic Levels:           1  (IBUF=1)
  Clock Path Skew:        4.956ns (DCD - SCD + CPR)
    Destination Clock Delay (DCD):    4.956ns
    Source Clock Delay      (SCD):    0.000ns
    Clock Pessimism Removal (CPR):    0.000ns
  Clock Uncertainty:      0.025ns  ((TSJ^2 + TIJ^2)^1/2 + DJ) / 2 + PE
    Total System Jitter     (TSJ):    0.050ns
    Total Input Jitter      (TIJ):    0.000ns
    Discrete Jitter          (DJ):    0.000ns
    Phase Error              (PE):    0.000ns

    Location             Delay type                Incr(ns)  Path(ns)    Netlist Resource(s)
  -------------------------------------------------------------------    -------------------
    K18                                               0.000     0.000 f  rst (IN)
                         net (fo=0)                   0.000     0.000    rst
    K18                  IBUF (Prop_ibuf_I_O)         1.489     1.489 f  rst_IBUF_inst/O
                         net (fo=50, routed)          2.884     4.373    ADC_uut/rst_IBUF
    SLICE_X42Y51         FDCE                                         f  ADC_uut/FSM_onehot_current_state_reg[2]/CLR
  -------------------------------------------------------------------    -------------------

                         (clock sys_clk_pin rise edge)
                                                      0.000     0.000 r  
    K17                                               0.000     0.000 r  clk (IN)
                         net (fo=0)                   0.000     0.000    clk
    K17                  IBUF (Prop_ibuf_I_O)         1.421     1.421 r  clk_IBUF_inst/O
                         net (fo=1, routed)           1.880     3.301    clk_IBUF
    BUFGCTRL_X0Y16       BUFG (Prop_bufg_I_O)         0.091     3.392 r  clk_IBUF_BUFG_inst/O
                         net (fo=50, routed)          1.564     4.956    ADC_uut/clk_IBUF_BUFG
    SLICE_X42Y51         FDCE                                         r  ADC_uut/FSM_onehot_current_state_reg[2]/C

Slack:                    inf
  Source:                 rst
                            (input port)
  Destination:            duty_reg_reg[6]/CLR
                            (recovery check against rising-edge clock sys_clk_pin  {rise@0.000ns fall@4.000ns period=8.000ns})
  Path Group:             (none)
  Path Type:              Recovery (Max at Slow Process Corner)
  Data Path Delay:        4.222ns  (logic 1.489ns (35.264%)  route 2.733ns (64.736%))
  Logic Levels:           1  (IBUF=1)
  Clock Path Skew:        4.956ns (DCD - SCD + CPR)
    Destination Clock Delay (DCD):    4.956ns
    Source Clock Delay      (SCD):    0.000ns
    Clock Pessimism Removal (CPR):    0.000ns
  Clock Uncertainty:      0.025ns  ((TSJ^2 + TIJ^2)^1/2 + DJ) / 2 + PE
    Total System Jitter     (TSJ):    0.050ns
    Total Input Jitter      (TIJ):    0.000ns
    Discrete Jitter          (DJ):    0.000ns
    Phase Error              (PE):    0.000ns

    Location             Delay type                Incr(ns)  Path(ns)    Netlist Resource(s)
  -------------------------------------------------------------------    -------------------
    K18                                               0.000     0.000 f  rst (IN)
                         net (fo=0)                   0.000     0.000    rst
    K18                  IBUF (Prop_ibuf_I_O)         1.489     1.489 f  rst_IBUF_inst/O
                         net (fo=50, routed)          2.733     4.222    rst_IBUF
    SLICE_X43Y52         FDCE                                         f  duty_reg_reg[6]/CLR
  -------------------------------------------------------------------    -------------------

                         (clock sys_clk_pin rise edge)
                                                      0.000     0.000 r  
    K17                                               0.000     0.000 r  clk (IN)
                         net (fo=0)                   0.000     0.000    clk
    K17                  IBUF (Prop_ibuf_I_O)         1.421     1.421 r  clk_IBUF_inst/O
                         net (fo=1, routed)           1.880     3.301    clk_IBUF
    BUFGCTRL_X0Y16       BUFG (Prop_bufg_I_O)         0.091     3.392 r  clk_IBUF_BUFG_inst/O
                         net (fo=50, routed)          1.564     4.956    clk_IBUF_BUFG
    SLICE_X43Y52         FDCE                                         r  duty_reg_reg[6]/C

Slack:                    inf
  Source:                 rst
                            (input port)
  Destination:            pwm_uut/pwm_reg_reg/CLR
                            (recovery check against rising-edge clock sys_clk_pin  {rise@0.000ns fall@4.000ns period=8.000ns})
  Path Group:             (none)
  Path Type:              Recovery (Max at Slow Process Corner)
  Data Path Delay:        4.222ns  (logic 1.489ns (35.264%)  route 2.733ns (64.736%))
  Logic Levels:           1  (IBUF=1)
  Clock Path Skew:        4.956ns (DCD - SCD + CPR)
    Destination Clock Delay (DCD):    4.956ns
    Source Clock Delay      (SCD):    0.000ns
    Clock Pessimism Removal (CPR):    0.000ns
  Clock Uncertainty:      0.025ns  ((TSJ^2 + TIJ^2)^1/2 + DJ) / 2 + PE
    Total System Jitter     (TSJ):    0.050ns
    Total Input Jitter      (TIJ):    0.000ns
    Discrete Jitter          (DJ):    0.000ns
    Phase Error              (PE):    0.000ns

    Location             Delay type                Incr(ns)  Path(ns)    Netlist Resource(s)
  -------------------------------------------------------------------    -------------------
    K18                                               0.000     0.000 f  rst (IN)
                         net (fo=0)                   0.000     0.000    rst
    K18                  IBUF (Prop_ibuf_I_O)         1.489     1.489 f  rst_IBUF_inst/O
                         net (fo=50, routed)          2.733     4.222    pwm_uut/rst_IBUF
    SLICE_X43Y52         FDCE                                         f  pwm_uut/pwm_reg_reg/CLR
  -------------------------------------------------------------------    -------------------

                         (clock sys_clk_pin rise edge)
                                                      0.000     0.000 r  
    K17                                               0.000     0.000 r  clk (IN)
                         net (fo=0)                   0.000     0.000    clk
    K17                  IBUF (Prop_ibuf_I_O)         1.421     1.421 r  clk_IBUF_inst/O
                         net (fo=1, routed)           1.880     3.301    clk_IBUF
    BUFGCTRL_X0Y16       BUFG (Prop_bufg_I_O)         0.091     3.392 r  clk_IBUF_BUFG_inst/O
                         net (fo=50, routed)          1.564     4.956    pwm_uut/clk_IBUF_BUFG
    SLICE_X43Y52         FDCE                                         r  pwm_uut/pwm_reg_reg/C





Min Delay Paths
--------------------------------------------------------------------------------------
Slack:                    inf
  Source:                 rst
                            (input port)
  Destination:            pwm_uut/q_reg_reg[28]/CLR
                            (removal check against rising-edge clock sys_clk_pin  {rise@0.000ns fall@4.000ns period=8.000ns})
  Path Group:             (none)
  Path Type:              Removal (Min at Fast Process Corner)
  Data Path Delay:        0.890ns  (logic 0.257ns (28.841%)  route 0.633ns (71.159%))
  Logic Levels:           1  (IBUF=1)
  Clock Path Skew:        2.015ns (DCD - SCD - CPR)
    Destination Clock Delay (DCD):    2.015ns
    Source Clock Delay      (SCD):    0.000ns
    Clock Pessimism Removal (CPR):    -0.000ns

    Location             Delay type                Incr(ns)  Path(ns)    Netlist Resource(s)
  -------------------------------------------------------------------    -------------------
    K18                                               0.000     0.000 f  rst (IN)
                         net (fo=0)                   0.000     0.000    rst
    K18                  IBUF (Prop_ibuf_I_O)         0.257     0.257 f  rst_IBUF_inst/O
                         net (fo=50, routed)          0.633     0.890    pwm_uut/rst_IBUF
    SLICE_X42Y60         FDCE                                         f  pwm_uut/q_reg_reg[28]/CLR
  -------------------------------------------------------------------    -------------------

                         (clock sys_clk_pin rise edge)
                                                      0.000     0.000 r  
    K17                                               0.000     0.000 r  clk (IN)
                         net (fo=0)                   0.000     0.000    clk
    K17                  IBUF (Prop_ibuf_I_O)         0.447     0.447 r  clk_IBUF_inst/O
                         net (fo=1, routed)           0.683     1.130    clk_IBUF
    BUFGCTRL_X0Y16       BUFG (Prop_bufg_I_O)         0.029     1.159 r  clk_IBUF_BUFG_inst/O
                         net (fo=50, routed)          0.856     2.015    pwm_uut/clk_IBUF_BUFG
    SLICE_X42Y60         FDCE                                         r  pwm_uut/q_reg_reg[28]/C

Slack:                    inf
  Source:                 rst
                            (input port)
  Destination:            pwm_uut/q_reg_reg[29]/CLR
                            (removal check against rising-edge clock sys_clk_pin  {rise@0.000ns fall@4.000ns period=8.000ns})
  Path Group:             (none)
  Path Type:              Removal (Min at Fast Process Corner)
  Data Path Delay:        0.890ns  (logic 0.257ns (28.841%)  route 0.633ns (71.159%))
  Logic Levels:           1  (IBUF=1)
  Clock Path Skew:        2.015ns (DCD - SCD - CPR)
    Destination Clock Delay (DCD):    2.015ns
    Source Clock Delay      (SCD):    0.000ns
    Clock Pessimism Removal (CPR):    -0.000ns

    Location             Delay type                Incr(ns)  Path(ns)    Netlist Resource(s)
  -------------------------------------------------------------------    -------------------
    K18                                               0.000     0.000 f  rst (IN)
                         net (fo=0)                   0.000     0.000    rst
    K18                  IBUF (Prop_ibuf_I_O)         0.257     0.257 f  rst_IBUF_inst/O
                         net (fo=50, routed)          0.633     0.890    pwm_uut/rst_IBUF
    SLICE_X42Y60         FDCE                                         f  pwm_uut/q_reg_reg[29]/CLR
  -------------------------------------------------------------------    -------------------

                         (clock sys_clk_pin rise edge)
                                                      0.000     0.000 r  
    K17                                               0.000     0.000 r  clk (IN)
                         net (fo=0)                   0.000     0.000    clk
    K17                  IBUF (Prop_ibuf_I_O)         0.447     0.447 r  clk_IBUF_inst/O
                         net (fo=1, routed)           0.683     1.130    clk_IBUF
    BUFGCTRL_X0Y16       BUFG (Prop_bufg_I_O)         0.029     1.159 r  clk_IBUF_BUFG_inst/O
                         net (fo=50, routed)          0.856     2.015    pwm_uut/clk_IBUF_BUFG
    SLICE_X42Y60         FDCE                                         r  pwm_uut/q_reg_reg[29]/C

Slack:                    inf
  Source:                 rst
                            (input port)
  Destination:            pwm_uut/q_reg_reg[30]/CLR
                            (removal check against rising-edge clock sys_clk_pin  {rise@0.000ns fall@4.000ns period=8.000ns})
  Path Group:             (none)
  Path Type:              Removal (Min at Fast Process Corner)
  Data Path Delay:        0.890ns  (logic 0.257ns (28.841%)  route 0.633ns (71.159%))
  Logic Levels:           1  (IBUF=1)
  Clock Path Skew:        2.015ns (DCD - SCD - CPR)
    Destination Clock Delay (DCD):    2.015ns
    Source Clock Delay      (SCD):    0.000ns
    Clock Pessimism Removal (CPR):    -0.000ns

    Location             Delay type                Incr(ns)  Path(ns)    Netlist Resource(s)
  -------------------------------------------------------------------    -------------------
    K18                                               0.000     0.000 f  rst (IN)
                         net (fo=0)                   0.000     0.000    rst
    K18                  IBUF (Prop_ibuf_I_O)         0.257     0.257 f  rst_IBUF_inst/O
                         net (fo=50, routed)          0.633     0.890    pwm_uut/rst_IBUF
    SLICE_X42Y60         FDCE                                         f  pwm_uut/q_reg_reg[30]/CLR
  -------------------------------------------------------------------    -------------------

                         (clock sys_clk_pin rise edge)
                                                      0.000     0.000 r  
    K17                                               0.000     0.000 r  clk (IN)
                         net (fo=0)                   0.000     0.000    clk
    K17                  IBUF (Prop_ibuf_I_O)         0.447     0.447 r  clk_IBUF_inst/O
                         net (fo=1, routed)           0.683     1.130    clk_IBUF
    BUFGCTRL_X0Y16       BUFG (Prop_bufg_I_O)         0.029     1.159 r  clk_IBUF_BUFG_inst/O
                         net (fo=50, routed)          0.856     2.015    pwm_uut/clk_IBUF_BUFG
    SLICE_X42Y60         FDCE                                         r  pwm_uut/q_reg_reg[30]/C

Slack:                    inf
  Source:                 rst
                            (input port)
  Destination:            pwm_uut/q_reg_reg[31]/CLR
                            (removal check against rising-edge clock sys_clk_pin  {rise@0.000ns fall@4.000ns period=8.000ns})
  Path Group:             (none)
  Path Type:              Removal (Min at Fast Process Corner)
  Data Path Delay:        0.890ns  (logic 0.257ns (28.841%)  route 0.633ns (71.159%))
  Logic Levels:           1  (IBUF=1)
  Clock Path Skew:        2.015ns (DCD - SCD - CPR)
    Destination Clock Delay (DCD):    2.015ns
    Source Clock Delay      (SCD):    0.000ns
    Clock Pessimism Removal (CPR):    -0.000ns

    Location             Delay type                Incr(ns)  Path(ns)    Netlist Resource(s)
  -------------------------------------------------------------------    -------------------
    K18                                               0.000     0.000 f  rst (IN)
                         net (fo=0)                   0.000     0.000    rst
    K18                  IBUF (Prop_ibuf_I_O)         0.257     0.257 f  rst_IBUF_inst/O
                         net (fo=50, routed)          0.633     0.890    pwm_uut/rst_IBUF
    SLICE_X42Y60         FDCE                                         f  pwm_uut/q_reg_reg[31]/CLR
  -------------------------------------------------------------------    -------------------

                         (clock sys_clk_pin rise edge)
                                                      0.000     0.000 r  
    K17                                               0.000     0.000 r  clk (IN)
                         net (fo=0)                   0.000     0.000    clk
    K17                  IBUF (Prop_ibuf_I_O)         0.447     0.447 r  clk_IBUF_inst/O
                         net (fo=1, routed)           0.683     1.130    clk_IBUF
    BUFGCTRL_X0Y16       BUFG (Prop_bufg_I_O)         0.029     1.159 r  clk_IBUF_BUFG_inst/O
                         net (fo=50, routed)          0.856     2.015    pwm_uut/clk_IBUF_BUFG
    SLICE_X42Y60         FDCE                                         r  pwm_uut/q_reg_reg[31]/C

Slack:                    inf
  Source:                 rst
                            (input port)
  Destination:            pwm_uut/q_reg_reg[24]/CLR
                            (removal check against rising-edge clock sys_clk_pin  {rise@0.000ns fall@4.000ns period=8.000ns})
  Path Group:             (none)
  Path Type:              Removal (Min at Fast Process Corner)
  Data Path Delay:        0.954ns  (logic 0.257ns (26.912%)  route 0.697ns (73.088%))
  Logic Levels:           1  (IBUF=1)
  Clock Path Skew:        2.016ns (DCD - SCD - CPR)
    Destination Clock Delay (DCD):    2.016ns
    Source Clock Delay      (SCD):    0.000ns
    Clock Pessimism Removal (CPR):    -0.000ns

    Location             Delay type                Incr(ns)  Path(ns)    Netlist Resource(s)
  -------------------------------------------------------------------    -------------------
    K18                                               0.000     0.000 f  rst (IN)
                         net (fo=0)                   0.000     0.000    rst
    K18                  IBUF (Prop_ibuf_I_O)         0.257     0.257 f  rst_IBUF_inst/O
                         net (fo=50, routed)          0.697     0.954    pwm_uut/rst_IBUF
    SLICE_X42Y59         FDCE                                         f  pwm_uut/q_reg_reg[24]/CLR
  -------------------------------------------------------------------    -------------------

                         (clock sys_clk_pin rise edge)
                                                      0.000     0.000 r  
    K17                                               0.000     0.000 r  clk (IN)
                         net (fo=0)                   0.000     0.000    clk
    K17                  IBUF (Prop_ibuf_I_O)         0.447     0.447 r  clk_IBUF_inst/O
                         net (fo=1, routed)           0.683     1.130    clk_IBUF
    BUFGCTRL_X0Y16       BUFG (Prop_bufg_I_O)         0.029     1.159 r  clk_IBUF_BUFG_inst/O
                         net (fo=50, routed)          0.857     2.016    pwm_uut/clk_IBUF_BUFG
    SLICE_X42Y59         FDCE                                         r  pwm_uut/q_reg_reg[24]/C

Slack:                    inf
  Source:                 rst
                            (input port)
  Destination:            pwm_uut/q_reg_reg[25]/CLR
                            (removal check against rising-edge clock sys_clk_pin  {rise@0.000ns fall@4.000ns period=8.000ns})
  Path Group:             (none)
  Path Type:              Removal (Min at Fast Process Corner)
  Data Path Delay:        0.954ns  (logic 0.257ns (26.912%)  route 0.697ns (73.088%))
  Logic Levels:           1  (IBUF=1)
  Clock Path Skew:        2.016ns (DCD - SCD - CPR)
    Destination Clock Delay (DCD):    2.016ns
    Source Clock Delay      (SCD):    0.000ns
    Clock Pessimism Removal (CPR):    -0.000ns

    Location             Delay type                Incr(ns)  Path(ns)    Netlist Resource(s)
  -------------------------------------------------------------------    -------------------
    K18                                               0.000     0.000 f  rst (IN)
                         net (fo=0)                   0.000     0.000    rst
    K18                  IBUF (Prop_ibuf_I_O)         0.257     0.257 f  rst_IBUF_inst/O
                         net (fo=50, routed)          0.697     0.954    pwm_uut/rst_IBUF
    SLICE_X42Y59         FDCE                                         f  pwm_uut/q_reg_reg[25]/CLR
  -------------------------------------------------------------------    -------------------

                         (clock sys_clk_pin rise edge)
                                                      0.000     0.000 r  
    K17                                               0.000     0.000 r  clk (IN)
                         net (fo=0)                   0.000     0.000    clk
    K17                  IBUF (Prop_ibuf_I_O)         0.447     0.447 r  clk_IBUF_inst/O
                         net (fo=1, routed)           0.683     1.130    clk_IBUF
    BUFGCTRL_X0Y16       BUFG (Prop_bufg_I_O)         0.029     1.159 r  clk_IBUF_BUFG_inst/O
                         net (fo=50, routed)          0.857     2.016    pwm_uut/clk_IBUF_BUFG
    SLICE_X42Y59         FDCE                                         r  pwm_uut/q_reg_reg[25]/C

Slack:                    inf
  Source:                 rst
                            (input port)
  Destination:            pwm_uut/q_reg_reg[26]/CLR
                            (removal check against rising-edge clock sys_clk_pin  {rise@0.000ns fall@4.000ns period=8.000ns})
  Path Group:             (none)
  Path Type:              Removal (Min at Fast Process Corner)
  Data Path Delay:        0.954ns  (logic 0.257ns (26.912%)  route 0.697ns (73.088%))
  Logic Levels:           1  (IBUF=1)
  Clock Path Skew:        2.016ns (DCD - SCD - CPR)
    Destination Clock Delay (DCD):    2.016ns
    Source Clock Delay      (SCD):    0.000ns
    Clock Pessimism Removal (CPR):    -0.000ns

    Location             Delay type                Incr(ns)  Path(ns)    Netlist Resource(s)
  -------------------------------------------------------------------    -------------------
    K18                                               0.000     0.000 f  rst (IN)
                         net (fo=0)                   0.000     0.000    rst
    K18                  IBUF (Prop_ibuf_I_O)         0.257     0.257 f  rst_IBUF_inst/O
                         net (fo=50, routed)          0.697     0.954    pwm_uut/rst_IBUF
    SLICE_X42Y59         FDCE                                         f  pwm_uut/q_reg_reg[26]/CLR
  -------------------------------------------------------------------    -------------------

                         (clock sys_clk_pin rise edge)
                                                      0.000     0.000 r  
    K17                                               0.000     0.000 r  clk (IN)
                         net (fo=0)                   0.000     0.000    clk
    K17                  IBUF (Prop_ibuf_I_O)         0.447     0.447 r  clk_IBUF_inst/O
                         net (fo=1, routed)           0.683     1.130    clk_IBUF
    BUFGCTRL_X0Y16       BUFG (Prop_bufg_I_O)         0.029     1.159 r  clk_IBUF_BUFG_inst/O
                         net (fo=50, routed)          0.857     2.016    pwm_uut/clk_IBUF_BUFG
    SLICE_X42Y59         FDCE                                         r  pwm_uut/q_reg_reg[26]/C

Slack:                    inf
  Source:                 rst
                            (input port)
  Destination:            pwm_uut/q_reg_reg[27]/CLR
                            (removal check against rising-edge clock sys_clk_pin  {rise@0.000ns fall@4.000ns period=8.000ns})
  Path Group:             (none)
  Path Type:              Removal (Min at Fast Process Corner)
  Data Path Delay:        0.954ns  (logic 0.257ns (26.912%)  route 0.697ns (73.088%))
  Logic Levels:           1  (IBUF=1)
  Clock Path Skew:        2.016ns (DCD - SCD - CPR)
    Destination Clock Delay (DCD):    2.016ns
    Source Clock Delay      (SCD):    0.000ns
    Clock Pessimism Removal (CPR):    -0.000ns

    Location             Delay type                Incr(ns)  Path(ns)    Netlist Resource(s)
  -------------------------------------------------------------------    -------------------
    K18                                               0.000     0.000 f  rst (IN)
                         net (fo=0)                   0.000     0.000    rst
    K18                  IBUF (Prop_ibuf_I_O)         0.257     0.257 f  rst_IBUF_inst/O
                         net (fo=50, routed)          0.697     0.954    pwm_uut/rst_IBUF
    SLICE_X42Y59         FDCE                                         f  pwm_uut/q_reg_reg[27]/CLR
  -------------------------------------------------------------------    -------------------

                         (clock sys_clk_pin rise edge)
                                                      0.000     0.000 r  
    K17                                               0.000     0.000 r  clk (IN)
                         net (fo=0)                   0.000     0.000    clk
    K17                  IBUF (Prop_ibuf_I_O)         0.447     0.447 r  clk_IBUF_inst/O
                         net (fo=1, routed)           0.683     1.130    clk_IBUF
    BUFGCTRL_X0Y16       BUFG (Prop_bufg_I_O)         0.029     1.159 r  clk_IBUF_BUFG_inst/O
                         net (fo=50, routed)          0.857     2.016    pwm_uut/clk_IBUF_BUFG
    SLICE_X42Y59         FDCE                                         r  pwm_uut/q_reg_reg[27]/C

Slack:                    inf
  Source:                 rst
                            (input port)
  Destination:            pwm_uut/q_reg_reg[20]/CLR
                            (removal check against rising-edge clock sys_clk_pin  {rise@0.000ns fall@4.000ns period=8.000ns})
  Path Group:             (none)
  Path Type:              Removal (Min at Fast Process Corner)
  Data Path Delay:        1.017ns  (logic 0.257ns (25.226%)  route 0.761ns (74.774%))
  Logic Levels:           1  (IBUF=1)
  Clock Path Skew:        2.016ns (DCD - SCD - CPR)
    Destination Clock Delay (DCD):    2.016ns
    Source Clock Delay      (SCD):    0.000ns
    Clock Pessimism Removal (CPR):    -0.000ns

    Location             Delay type                Incr(ns)  Path(ns)    Netlist Resource(s)
  -------------------------------------------------------------------    -------------------
    K18                                               0.000     0.000 f  rst (IN)
                         net (fo=0)                   0.000     0.000    rst
    K18                  IBUF (Prop_ibuf_I_O)         0.257     0.257 f  rst_IBUF_inst/O
                         net (fo=50, routed)          0.761     1.017    pwm_uut/rst_IBUF
    SLICE_X42Y58         FDCE                                         f  pwm_uut/q_reg_reg[20]/CLR
  -------------------------------------------------------------------    -------------------

                         (clock sys_clk_pin rise edge)
                                                      0.000     0.000 r  
    K17                                               0.000     0.000 r  clk (IN)
                         net (fo=0)                   0.000     0.000    clk
    K17                  IBUF (Prop_ibuf_I_O)         0.447     0.447 r  clk_IBUF_inst/O
                         net (fo=1, routed)           0.683     1.130    clk_IBUF
    BUFGCTRL_X0Y16       BUFG (Prop_bufg_I_O)         0.029     1.159 r  clk_IBUF_BUFG_inst/O
                         net (fo=50, routed)          0.857     2.016    pwm_uut/clk_IBUF_BUFG
    SLICE_X42Y58         FDCE                                         r  pwm_uut/q_reg_reg[20]/C

Slack:                    inf
  Source:                 rst
                            (input port)
  Destination:            pwm_uut/q_reg_reg[21]/CLR
                            (removal check against rising-edge clock sys_clk_pin  {rise@0.000ns fall@4.000ns period=8.000ns})
  Path Group:             (none)
  Path Type:              Removal (Min at Fast Process Corner)
  Data Path Delay:        1.017ns  (logic 0.257ns (25.226%)  route 0.761ns (74.774%))
  Logic Levels:           1  (IBUF=1)
  Clock Path Skew:        2.016ns (DCD - SCD - CPR)
    Destination Clock Delay (DCD):    2.016ns
    Source Clock Delay      (SCD):    0.000ns
    Clock Pessimism Removal (CPR):    -0.000ns

    Location             Delay type                Incr(ns)  Path(ns)    Netlist Resource(s)
  -------------------------------------------------------------------    -------------------
    K18                                               0.000     0.000 f  rst (IN)
                         net (fo=0)                   0.000     0.000    rst
    K18                  IBUF (Prop_ibuf_I_O)         0.257     0.257 f  rst_IBUF_inst/O
                         net (fo=50, routed)          0.761     1.017    pwm_uut/rst_IBUF
    SLICE_X42Y58         FDCE                                         f  pwm_uut/q_reg_reg[21]/CLR
  -------------------------------------------------------------------    -------------------

                         (clock sys_clk_pin rise edge)
                                                      0.000     0.000 r  
    K17                                               0.000     0.000 r  clk (IN)
                         net (fo=0)                   0.000     0.000    clk
    K17                  IBUF (Prop_ibuf_I_O)         0.447     0.447 r  clk_IBUF_inst/O
                         net (fo=1, routed)           0.683     1.130    clk_IBUF
    BUFGCTRL_X0Y16       BUFG (Prop_bufg_I_O)         0.029     1.159 r  clk_IBUF_BUFG_inst/O
                         net (fo=50, routed)          0.857     2.016    pwm_uut/clk_IBUF_BUFG
    SLICE_X42Y58         FDCE                                         r  pwm_uut/q_reg_reg[21]/C





